"title","link","text"
"他存款剩六十萬被親戚勸買房 父母爆氣幫回擊","/news/story/7266/3358798","一名網友在臉書社團《爆廢公社》發文，表示自己工作7年的存款，結婚和小孩出生各花一筆，林林總總的生活費扣掉後約剩60餘萬元，但被遠親逼著推銷買房，讓他苦嘆「60萬買房是要買樂高嗎？」，沒想到還沒回話，網友的父母就已爆氣幫忙反擊，嚇得遠親不敢再吭聲。

存款剩六十萬被勸買房，網友嘆「買樂高比較快」。 圖／聯合報系資料照片分享  facebook   

而近日有只見過一次面的遠親到訪家中，對方竟在閒聊時劈頭就說，「你們倆夫妻應該要搬出去住比較好吧？因為畢竟房子是父母的，既然都已成家，就應該買棟屬於自己的房子」。該名網友當下回應「我存款不夠啊，也不想貸款，而且家裡生活還不錯，不會很飽，但餓不死」，沒想到親戚聽完還是不放棄，還追著說「長大了，不能說這種不負責任的話。」

該網友還來不及反應，一旁網友的爸媽就先爆氣說出：「啊家裡那麼大，還有好幾間空房間，而且他們就生一個孩子，他又算獨子，想請問一下，那你們孩子有買房嗎？沒有嘛！那你們孩子有不負責任嗎？之前已經有買幾塊農地幫你孩子做業績了，講話真的不要太推銷。日久不見，一見必有因嗎？」這樣連環轟嚇傻了網友與其妻子，親戚見氣氛不對也趕緊轉移話題。

事後其妻子還對他說「我不知道爸媽有地雷，打從嫁過來，他們都對我笑笑的」，他則回，「我也不知道，歐麥嘎」。原PO最後也強調，並不是不想買房，「但是我這樣的存款就只能買樂高了，要逼死誰？」他也在留言處透露，其實遠親的兒子是房仲，遠親則是上班族，重點要推銷，兒子也沒來，讓他非常傻眼。不少網友看完則羨慕發文的網友有一對「很棒很挺很罩的父母親」，還稱其父母「帥呆了」！"
"台灣附近熱低不排除成颱 本周恐接連兩颱威脅","/news/story/7266/3358506","遠在3千公里外的山竹颱風讓大家提心吊膽，但中央氣象局表示現在在台灣附近的熱帶性低氣壓也不排除今、明天兩天增強成颱風，且因位置靠近台灣，一旦成為颱風便可能立刻發布警報，也不排除暴風圈觸陸的可能。也就是說，本周台灣可能接連有兩個颱風的威脅。

氣象局表示，目前台灣東南方海面有一熱帶性低氣壓發展，預估今、明將逐漸往西移動通過巴士海峽，今受到該熱帶性低氣壓與外圍環流影響，北部、東半部及恆春半島整天都會有陣雨或雷雨，局部地區並可能仍有大雨或豪雨發生的機率，提醒民眾留意山區含水量多土石易鬆動，避免前往活動。若這個熱低成颱，為今年第23號颱風，將被命名為百里嘉（Barijat）。
氣象局說，入夜之後北部及東北部的降雨會趨於緩和，主要降雨區域會移至花東地區及恆春半島；而中南部地區主要為雲量多，午後有局部短暫雷陣雨的天氣；氣溫方面，清晨各地低溫約22到25度，白天高溫北部及東半部因為降雨，高溫約在28到30度，其他地區高溫約在30到32度。
氣象局說，受熱帶性低氣壓外圍環流影響，嘉義以北、東半部、恆春半島及各外島沿海、空曠地區及鄰近海域有8至10級強陣風，且風浪較大，海邊活動請注意安全。
至於中颱「山竹」動向，氣象局表示其目前距離仍約有3000公里，預估未來持續朝西移動，並有增強為強度颱風的可能，將在周六、周日最接近台灣，由於颱風路徑預報存在不確定性。氣象局與氣象專家最新分析，最新預測路徑稍微偏南，影響可能減小。
中央氣象局副局長鄭明典在臉書貼文，指出目前位於台灣東南側的熱帶性低氣壓對流增強，旋轉特徵更明顯。圖／擷自鄭明典臉書分享  facebook   "
"氣象局：熱低壓若明午前成颱 將發海陸警報","/news/story/7266/3359260","熱帶性低氣壓與中颱山竹接力威脅台灣，中央氣象局預報中心主任呂國臣說明，熱低壓今明天通過台灣南端，若明午前增強為輕颱，氣象局將立即發布海上陸上颱風警報，山竹颱風持續向西移動，未來可能增強為強颱、暴風半徑擴大，本周六、日影響台灣。
呂國臣表示，熱低壓預估將往東沙移動，不會直接侵襲台灣，但對東南部、恆春半島有影響，今晚至明天往西走，有可能在進入巴士海峽時增強為颱風，不排除發布海上與陸上颱風警報，恆春半島、花東地區會有豪雨，台東山區、恆春半島預估累積雨量會達150至300毫米。
山竹颱風方面，呂國臣表示，山竹颱風未來一周會持續增強，未來可能增強為強颱，暴風半徑也會擴大，各國預報都是往西移動，變數會發生在14日起，各國預報分歧，但最大雨勢都是集中在15日。
根據目前美國、歐洲等預報路徑，山竹颱風13日前都會往西走，但14日以後山竹颱風會往北或往南有仍分歧。不過根據歷史相似個案，2013年天兔颱風路徑較偏難，東半部累積雨量就已達到685毫米，2016年莫蘭蒂颱風從南台灣擦邊，高雄影響較大；若再往北，例如1982年的安迪颱風，中南部就會受到影響。山竹颱風持續往西移動。圖／氣象局提供分享  facebook   "
"又有熱低壓逼近！北部、東半部防局部豪雨","/news/story/7266/3358489","今起三天受到熱帶性低氣壓影響，從北到南將有明顯雨勢。中央氣象局表示，位在鵝鑾鼻東南東方240公里海面上的低氣壓，昨天下午2時增強為熱帶性低氣壓，雖然持續增強為颱風機率不高，但仍不能排除，若一旦成為輕颱就會立刻發佈海上颱風警報，預估未來將逐漸通過南端近海，但發展程度及走向仍有不確定性。
氣象局表示，熱帶性低氣壓今明兩天滯留後將往西穿過巴士海峽，台灣今起到周三受到熱低壓及外圍環流影響，今天基隆北海岸、新北市山區及宜蘭地區將有局部大雨或豪雨，入夜後北部轉為間歇性短暫雨勢，但明顯雨區將轉移至花東及恆春半島，同樣將有大雨或豪雨並持續到周三。
氣象局表示，今天受到東北風影響氣溫仍偏舒適，各地低溫都只有23至25度，高溫方面北部及東北部約28至30度、中南部地區高溫仍上看32度。明、後天高溫將逐漸回升，北台灣仍有局部短暫雨，中部則是午後陣雨，周四、五北部轉為午後陣雨，北部高溫會回升到32至33度，各地天氣也轉為穩定，只有東半部、北部山區有零星降雨。
至於昨天增強為中颱的山竹，氣象局預估最快明天增強為強烈颱風，周、六日北部及東半部受外圍環流影響，將有短暫陣雨或雷雨，氣象局目前預估，山竹颱風仍偏向從巴士海峽通過，但因山竹仍有增強趨勢，未來走向與影響仍需觀察。山竹颱風潛勢圖。圖／擷取自中央氣象局網站分享  facebook   "
"買一送一來了！星巴克、伯朗9月這幾天「好友分享日」","/news/story/7270/3359700","揮別夏日，步入氣溫微涼的秋季，窩在咖啡館或外帶捧著熱咖啡，是許多人喜歡的日常小事。咖啡館分享日又來了，星巴克宣布9月14日推出買一送一，伯朗咖啡亦於9月17日及25日祭出買一送一。
星巴克規畫「Summer Bye Bye」揪一揪好友分享活動，9月14日當天早上11點至晚間8點，購買容量、冰熱及口味一致的飲品，享買一送一，每人至多買二送二，需注意機場門市、高鐵站內門市等部分門市不提供優惠，且不適用外送外賣及預訂服務。
此外，伯朗咖啡館也推有9月分享日，除了9月17日外，為了犒賞上班族，中秋連假後開工日9月25日加碼買一送一，以原價購買飲品任一杯，即贈送飲品任一杯，飲品不限品項、容量。伯朗咖啡將於9月17日、9月25日推出買一送一。圖／擷取自伯朗咖啡館官方粉絲團分享  facebook   9月14日星巴克祭出買一送一。圖／擷取自星巴克咖啡粉絲團分享  facebook   "
"一張圖看未來一周台灣天氣受到哪些影響","/news/story/7266/3358505","中央氣象局臉書粉專「報天氣」以一張圖說明現在及未來影響台灣的天氣系統，小編說，知道大家好關心山竹颱風下個周末會不會影響到台灣，但現在颱風離台灣還很遠，我們先關心一下家門口的熱帶性低氣壓。
－周一到周三(9月10日-9月12日):
位於台灣東南方的熱帶性低氣壓將通過巴士海峽，受低壓的環流影響，北部、南部及東半部有陣雨，尤其東半部雨勢明顯，但隨著低壓西進降雨熱區會有些改變。周一白天仍為東北風，宜蘭、東北角有大雨、豪雨；周一晚到周二則換成花東、恆春半島發生大雨、豪雨的機會增加，週三低壓遠離，各地降雨逐漸趨緩。
－周四、周五(9月13日、9月14日):
水氣減少，各地大致為多雲到晴，只有東半部和南部偶有短暫雨，不過中午過後西半部還是會有些雷陣雨。這兩天算是這周天氣較穩定的時期。
－周六、周日(9月15日、9月16日):
山竹颱風逐漸抵達台灣周遭，天氣又再度轉為不穩定。不過颱風對於台灣的影響，因為路徑存在變數，氣象局會密切留意。影響台灣的天氣系統。圖／擷自中央氣象局臉書粉專「報天氣」分享  facebook   "
"賴清德提「三點期許」 專家批：氣象局不是賴神","/news/story/7266/3359817","熱帶性低氣壓與中颱山竹接力威脅台灣，行政院長賴清德今天下午視察氣象局提出「三點期許」，希望氣象局能做到最正確的預報、最即時的預報、最全面的服務，更強調希望能提高警覺，「掌握每一分鐘的變化」，氣象局表示準確預報是追求的目標，氣象局持續發展數值預報模式，並加強監測技術，不過氣象專家認為「氣象局不是賴神」，這些需求已超過目前科技人力。
賴清德今視察氣象局時，先感謝氣象局面對颱風與豪大雨不眠不休，除了感謝人員辛勞也期許氣象局能做到三點。第一、做正確的預報，無論颱風路徑、雨量或雨下在哪裡，一定要提供最準確的預報；第二、提供最即時的預報，科技愈來愈發達、氣候變遷也愈來愈嚴重，瞬間差異非常大，必須提高警覺，應能將訊息及時提供給社會。
賴清德表示，第三點是提供「最全面的服務」，他說，氣象資料不只是政府需要，士農工商無論海域、山上、陸地，各行各業都需要，訊息也必須提供給各行各業。賴清德也說，由於熱低壓、颱風後續變化尚難全部預測，後續的變化可能帶來進一步災情，中央政府各部會及地方政府要嚴正以待，既然路徑、通過時間已經知道，要做到超前部署。
不過，中央大學大氣科學系兼任副教授吳德榮質疑「賴揆提出三個需求，氣象局就默默接受了？」他說，氣象局應反問「院長願意給我們什麼資源？讓我們可以做到全世界一流，美國都做不到的預報。」吳德榮說，這是就事論事，沒有給氣象局那麼多的資源，提出這些需求就做得到嗎？
吳德榮說，氣象局礙於情面不敢違逆長官，但「氣象局不是賴神、更不是氣象神」，三點需求無論是「最正確」或「最即時」，都已超過目前科技能力，氣象局是下屬單位只能勉強去做，但如果不提供氣象局最好的資源，這是絕對做不到的。
吳德榮說，氣象局的預報對台灣來說已經是最正確的，全世界沒有人幫台灣報、也沒得比較，很可惜的是，如果給不了氣象局最好的資源，賴揆該問的是「要達到這些目標，氣象局需要什麼資源？」才是一個好長官，既可達到目的，又可以不提出空泛、做不到的需求。台灣南、北部接連豪雨成災，再加上熱帶性低氣壓與「山竹」颱風來勢洶洶，行政院長賴清德今天(10日)下午特地到中央氣象局視察，聽取氣象報告，並要求各單位嚴陣以待。記者謝育炘／攝影分享  facebook   "
"唐綺陽星座運勢週報：雙子有貴人運 水瓶不要太耿直","/news/story/7268/3358509","星座專家唐綺陽。 大慕影藝提供分享  facebook   




 
本週金星入天蠍，將與木星相合，有暗黑氣息的藝術、美感會受到矚目，活絡經濟、大錢之間的流動，大型投資案開始<U+5553>動，也會放大金錢與兩性等議題。火星進入水瓶，容易遇到奧客，網路、網紅活躍，群眾力量大。當心與陌生人擦槍走火，高危險場合應更注意安全。
 


 
雙子：有長輩貴人運，說出困擾有機會得到解決
處女：從尊重、學習的角度和員工溝通相處
天蠍：小心有卡關的現象，把它視成修練、精進自己的過程
水瓶：不要太耿直，有可能遇到不誠實的人
 


 
白羊：感情上有良好的互動，對方才是真命天子
巨蟹：有機會從朋友變情人，玩樂時應自制，避免突發狀況
獅子：同情或是愛情要務實評估
射手：容易吸引年輕型的桃花
 



天秤：避免被忌妒，低調一點比較好
魔羯：正財運，有機會上門，賺錢機率高
 
 

 
金牛：慎防過勞、中暑等狀況
雙魚：小心細菌感染，遠離致病的危險源
 



周運影片連結：唐綺陽官方專屬頻道 
"
"系統錯誤！迪卡儂千元外套標0元 客服：願正常出貨","/news/story/7270/3359070","全球第二大運動品牌法商迪卡儂上週六系統出錯，將標價定為0元，不少民眾看見，直呼「這是宣傳活動吧？」因為不是金錢少一個數字，而是以0元來賣。迪卡儂客服中心今天發信通知給會員們，坦承是資訊系統發生錯誤所導致的，並非促銷或出清等宣傳活動，依據法律規定，仍會正常出貨給，訂單將不會要求民眾支付。
有民眾指出，迪卡儂將一件男防風防水保暖三合一的外套，原價1999元標價為0元，當下他覺得非常不可思議，研究了好久，還一度思考，會不會網站遭駭客入侵，後來仍買了一件，並購買其他衣服、褲子，結帳時，發現系統至算其他的衣服、褲子，並沒有算到外套的價格。
對此，迪卡儂也發信給會員，告知上週六起所標價為0元的商品，目前商品正在出貨中。由於這是資訊系統發生錯誤所導致的，並非促銷或出清等宣傳活動，依據法律規定，仍會正常出貨，訂單將不會要求支付。若民眾尚未取貨，或者包裹尚未送達(宅配)，建議民眾不要取貨或請宅配原包裹退回，以減少迪卡儂的損失。
迪卡儂客服也說，由於民眾花費時間搜尋購物，此部分消費經驗造成不必要的誤會， 我們深表歉意。民眾仍有權利以0元價格擁有這些商品，若民眾願意協助不要取貨，迪卡儂將致上萬分謝意。全球第二大運動品牌法商迪卡儂上週六系統出錯，將標價定為0元，不少民眾看見，直呼「這是宣傳活動吧？」圖／翻攝自網路分享  facebook   "
"今日星座運勢／天蠍談情說愛好日子 事業平宜守成","/news/story/7268/3355698","圖／ingimage分享  facebook   


總運：★★★☆☆
愛情：★★☆☆☆
財運：★★★☆☆
工作：★★★☆☆

貴人星座：金牛座
幸運數字：5
吉時吉色：13:00-15:00香吉士黃
開運方位：西南方向

運勢提醒：
比較平和的一天，沒有什麼事情發生。

綜合運分析：
愛情上過於平淡，會讓人產生疲倦的感覺，要加入一點新鮮的氣息。財運上一般，正財收入穩定，需要注意做好支出預算。工作上你的努力獲得肯定，讓你感到欣慰。

愛情運分析：
有點憂鬱擔心的日子，容易受到外力干擾而改變心意。

事業運分析：
過於敏感，很多簡單的問題被你複雜化，困在自己設下的陷阱裡不能自拔。

財運分析：
在投資上不宜太過冒險。




總運：★★★☆☆
愛情：★★★★☆
財運：★★☆☆☆
工作：★★☆☆☆

貴人星座：巨蟹座
幸運數字：1
吉時吉色：11:00-12:00石榴紅
開運方位：西北方向

運勢提醒：
愛情漲幅不錯。

綜合運分析：
單身男士異性緣很不錯，公司的公眾場合是你尋覓愛情的好處所；投資運平平，今天還是做些輔助性工作就好，不可冒險行動；理性思考今天顯得尤為重要，會遇到熱心過頭的合作者，對方雖是無心之失，對你卻會造成不小的損失。

愛情運分析：
你不經意的關心問候，另一半都能感動半天，這也讓你獲得更多的關心，彼此都感到幸福。

事業運分析：
情緒顯得很急躁，心裡雖很想做好，卻耐心不足、急於求成，工作上看不到任何效果，會使得你壓力倍增。

財運分析：
今日金錢上受到外力的干擾而產生錯誤的決定，例如：受人慫恿等等。




總運：★★★☆☆
愛情：★★★★☆
財運：★★★☆☆
工作：★★★★☆

貴人星座：天蠍座
幸運數字：3
吉時吉色：07:00-08:00葡萄紫
開運方位：正南方向

運勢提醒：
故地重遊有助於愛情運勢的增長。

綜合運分析：
和戀人去你們第一次約會或第一次接吻的地方約會吧，那份甜蜜與羞澀的復甦會迅速點燃你們的激情；與朋友出去狂歡時，如果你不想酒後亂性那就盡量少喝點；今天的思維會比較活躍，對從事設計的人有助於發揮靈感。

愛情運分析：
單身者常有朋友邀約一起喝茶聊天，也因此結識了不少異性朋友，有機會展開一段戀情。

事業運分析：
心情很好，良好的心境讓你做起事來也特別有勁，只是要注意別興奮過度唷！

財運分析：
有打腫臉充胖子的傾向，荷包留不住錢。




總運：★★★☆☆
愛情：★★★☆☆
財運：★★★☆☆
工作：★★★☆☆

貴人星座：射手座
幸運數字：2
吉時吉色：19:00-21:00蘭花紫
開運方位：正西方向

運勢提醒：
集中注意力，安全才是第一。

綜合運分析：
開車時千萬別分心，今天的意外指數偏高，小心受傷！感情需要醞釀，戀人對你的感覺還不錯，不妨約對方外出走走；花前月下，良辰美景，會讓彼此之間的磁場明顯增強。

愛情運分析：
感情運不太好，單身者別把過多精力花在憧憬浪漫的愛情上，投入工作會有更大的收穫！

事業運分析：
有許多事務需要你來處理，但你能樂觀面對。雖然進度較慢，但能得到理解。

財運分析：
在購物時要特別小心，別輕信促銷誘惑！小心上當受騙！




總運：★★☆☆☆
愛情：★★★☆☆
財運：★★☆☆☆
工作：★★☆☆☆

貴人星座：天秤座
幸運數字：9
吉時吉色：19:00-20:00嫩芽綠
開運方位：正南方向

運勢提醒：
運勢較低的一天，各方面都不太順意。

綜合運分析：
事務繁忙，沒有什麼時間與情人聚在一起。理財稍欠缺規劃，花費不小，會有點捉襟見肘的感覺，多考慮錢財的使用，不要盲目消費。工作帶來的負荷過重，會讓你有點心緒不寧，要注意調整。

愛情運分析：
單身者獲得愛情的運勢較弱，但可以多交異性朋友；戀愛中的人對戀人較挑剔。

事業運分析：
因工作常出小狀況，讓你覺得有小人作祟。其實只是你心裡在作怪罷了，調整好心態，專心工作吧！

財運分析：
錢財有點留不住，一出門就花錢，口袋雖然空了，但你好好享受了一番，也值得。




總運：★☆☆☆☆
愛情：★★☆☆☆
財運：★☆☆☆☆
工作：★★☆☆☆

貴人星座：天蠍座
幸運數字：9
吉時吉色：20:00-22:00湖水綠
開運方位：正西方向

運勢提醒：
不要冷落了另一半，感情要多加呵護。

綜合運分析：
已婚者雖然為改善生活而努力工作，但也要對另一半噓寒問暖。感情是基礎，動搖了根本可就得不償失。晚上有機會與另一半觀賞浪漫愛情劇，兩人都沉浸在劇情中，有助愛情升溫。

愛情運分析：
戀愛中的人掌控欲強烈，顯得固執已見，與戀人相處要小心一言不合而分手。

事業運分析：
今日事業運不太順，有點力不從心，找不到施力點，依照平日的進度規則運作就行了。

財運分析：
財氣混亂不穩定，在金錢上不宜輕舉妄動，任意胡為則損失隨之發生。




總運：★★☆☆☆
愛情：★★★☆☆
財運：★★☆☆☆
工作：★★☆☆☆

貴人星座：天秤座
幸運數字：7
吉時吉色：13:00-14:00石榴紅
開運方位：東北方向

運勢提醒：
出門機會多，注意安全。

綜合運分析：
今天在外活動要多留意財產、人身安全，開車、遊玩時小心一些，以免發生意外。在與異性交往時，別被對方的外表所迷惑，小心真心付出得不到回報。對於工作者而言，雖然會有人故意搗亂，但你多能一一應付。

愛情運分析：
感情運好壞參半，戀愛中的人小心有情敵出現，抽時間多陪陪戀人才好！

事業運分析：
工作不太順利，讓你很難提起勁頭。遇事時應冷靜分析才能更好地找出解決之道。

財運分析：
貪心的一天，要小心受騙機率飆高。




總運：★★★★★
愛情：★★★★★
財運：★★★★☆
工作：★★★☆☆

貴人星座：金牛座
幸運數字：3
吉時吉色：11:00-12:00萊姆黃
開運方位：正北方向

運勢提醒：
成功者與平庸者的區別在於相信自己。

綜合運分析：
對於新的任務會感到有些恐懼，不喜歡挑戰和改變，可被動接受只會讓你越做越糟；財運雖不錯，但承擔風險的能力卻不高，還是選擇保守的理財方式比較好；情人間有計畫的進行交流，打開彼此的心結，會讓愛情健康的成長。

愛情運分析：
愛情運旺旺，是個談情說愛的好日子，打扮得美美的去約會吧！單身者不妨好好裝扮一下，可以提升戀愛運。

事業運分析：
今日事業運平平，適合採取守成的策略！切記亂無章法的運作，否則忙壞了自己，也忙壞了其他同事。

財運分析：
開發財源的好日子。股票族的朋友可以採取短線進出的策略，見好就收！上班族只要積極地工作，也能得到應有的報酬。




總運：★★★★☆
愛情：★★★★☆
財運：★★★★☆
工作：★★★★☆

貴人星座：金牛座
幸運數字：1
吉時吉色：06:00-08:00燻鮭紅
開運方位：正北方向

運勢提醒：
幸運降臨，事事順心如意。

綜合運分析：
已婚者的感情生活多彩多姿，伴侶之間激情不斷，感覺又回到了熱戀時期。投資運上升，早期的投資計劃可望實施，占了天時地利人和，自然能水到渠成。工作中有不少的良機出現，是英雄就會有用武之地，卯足勁向前衝哦！

愛情運分析：
適合與情人約會或表白的一天，到充滿浪漫情調的餐廳約會效果更佳。

事業運分析：
工作上寬大為懷可獲得良好的發展，溝通時若言語太過尖銳則易影響人際關係。

財運分析：
財運不錯，易有驚喜！




總運：★★★★☆
愛情：★★★★★
財運：★★★☆☆
工作：★★★☆☆

貴人星座：摩羯座
幸運數字：8
吉時吉色：14:00-16:00脆梅青
開運方位：西南方向

運勢提醒：
事情都有美好的開端。

綜合運分析：
愛情機遇頗好，極易在街頭偶遇昔日心儀的對象，單身者若能大膽主動攀談，你們有所發展的機率很高哦；今天能嚐到勤儉節約帶來的甜頭；前段時間在工作上的辛苦耕耘，今天總算看到了一些希望！

愛情運分析：
這麼棒的好日子千萬別錯過了，快快安排郊外踏青的活動，在大自然中來場感性的精神交流吧！單身者別關在家裡，出門才有好機會！

事業運分析：
今日事業運平平，要注意不要為了感情問題而分心，凡事宜親力親為。

財運分析：
今日與錢特別有緣，滿腦子想著錢錢錢，有機會接觸有錢、有社會地位的人，不妨與他們談談理財投資之道。




總運：★★★★☆
愛情：★★★★★
財運：★★☆☆☆
工作：★★★★☆

貴人星座：射手座
幸運數字：9
吉時吉色：04:00-06:00夕陽橙
開運方位：正東方向

運勢提醒：
安心顧好自己，不要東想西想。

綜合運分析：
不要以為西餐廳才是富有浪漫的地方，過一個中西合璧的情人節也許更有味道；得遇貴人助力，工作上倍感輕鬆；財運不佳，若有「去賺外快」的想法還是趁早打住得好，不然得不償失的可是你哦！

愛情運分析：
戀情急速加溫的一天，鼓起勇氣示愛吧！

事業運分析：
多接納他人忠告，不要固執己見，尤其是專業機構調查、分析出的數據訊息，更要予以重視。

財運分析：
別把錢抓得太緊，花些錢讓自己高興、高興吧！




總運：★★☆☆☆
愛情：★★★☆☆
財運：★☆☆☆☆
工作：★★★☆☆

貴人星座：金牛座
幸運數字：3
吉時吉色：08:00-09:00古銅青
開運方位：東南方向

運勢提醒：
拋棄不切實際的想法，滿意快樂就會多一點。

綜合運分析：
今天對愛情有著強烈的衝動，單身者在表白前應多思考三秒，以免表錯情會錯意。財運方面阻力重重，感到有些力不從心，不宜決策或衝動投資。工作上適合外出拜訪客戶、拓展新客源，會有不錯的業績。

愛情運分析：
與異性接觸的機會多，但想要邂逅心儀的對象還需耐心等待，多表現你溫和的一面。

事業運分析：
工作中熱情洋溢，思維也特別的開闊，有機會接觸新的工作領域。

財運分析：
為了金錢勞心費神，想到錢就頭痛，少接觸金錢遊戲，包括股票、賭博在內，否則會搞得一身烏煙瘴氣。


【延伸閱讀】
●上升星座看未來？星座命盤免費算
●塔羅神占，你的戀情開花結果？
　

【更多命理分析，請前往 科技紫微網】"
"益生菌無益處 研究：人體吸收甚少","/news/story/7266/3359657","最新研究顯示，病患服用益生菌有一半的益生菌服用後便直接排洩出去，剩餘的益生菌只會短暫停留在腸道。(photo by wikimedia)分享  facebook   益生菌食物對健康影響小！過去益生菌被認為對腸道有益，但最新研究顯示，病患服用益生菌後，有一半的益生菌將直接排泄出去，剩餘的益生菌只會短暫停留在腸道，隨即被體內的微生物排出去，沒辦法被人體所吸收。領導該研究的研究員伊利內表示，益生菌不但對人體沒有多大益處，若和抗生素一起服用，還會產生壞的副作用。

《細胞》最新研究顯示，益生菌食物並沒有多大用處。過去益生菌被廣泛認為對腸道有益，但研究人員認為，益生菌對人體的影響很小，甚至沒有影響。該研究團隊利用11種常見的益生菌，如乳酸桿菌和雙歧桿菌，混合作了新的益生菌食品，並觀察病患服用的飲食狀況。但研究顯示，病患服用後有一半的益生菌便直接排泄出去，剩餘的僅在體內徘徊一陣子，隨即被體內的微生物排出去。

根據《BBC》報導，人體內的細胞相當龐雜，有超過一半是由微生物包括細菌、病毒、真菌所組成。伊利內說，外界期待益生菌能為每個人服務的觀念是錯誤的，未來益生菌需要根據患者的需求量身訂做。他們也研究了抗生素對益生菌造成的影響，結果顯示，抗生素不但會消滅壞的細菌，就連有益的細菌也消滅了。

伊利內強調，這項研究結果與目前的益生菌無害的觀念相反，若益生菌和抗生素一起服用可能帶來後果不堪的副作用。雖然益生菌已被證實有一些益處，特別是保護早產兒免於壞死性小腸結腸炎的問題，但微生物和人體的複雜關係仍待更多研究才能找到有效的治療方法。桑格研究所的微生物研究員羅蕾指出，益生菌過去存在很長的時間，也正接受嚴格的研究考驗，雖然腸道能夠阻止微生物侵蝕，阻止病原體入侵，但是否真會排擠益生菌仍有待觀察。
【更多精采內容，詳見】 "
"夫妻之間／現在，妳吃得下嗎？","/news/story/7272/3354932","老公是廚師，他很喜歡下廚，回到家最常問的是：「現在，妳吃得下嗎？」如果我說吃得下，他就會高興地進廚房，明明上班就很累了，我常捨不得，但老公說：「我累得很開心，只要妳吃得下。」
我的胃不太好，以前工作太勞累，有胃出血過，讓他很擔心，怕我會和鼻咽癌末期時吃不下東西的公公一樣。那時為了讓公公能吃下食物，他常半夜去抓螃蟹，如果有抓到，公公會開心地大快朵頤，雖然後期的治療讓公公無法嘗出味道，但他還是細細品嘗那些記憶中的滋味。
只要公公願意吃，老公就會不辭辛勞地去抓螃蟹，有時寒流來，我倆守在海邊等螃蟹入籠，冷得頻頻發顫，有時一無所獲，但只要有抓到螃蟹，看到公公笑臉，老公就會很安心。
如今公公往生兩年了，老公只要想到他，就會在下班後煮東西給我吃，我想，這也是公公帶給我的禮物。"
"影╱沒要淘汰十年車 網路亂傳李應元生氣了","/news/story/7266/3359351","

環保署為了打空汙，計畫淘汰老舊烏賊車，至少還有4年的緩衝期，但網路上流傳影片，不斷宣傳環保署要淘汰10年以上的汽機車，並要在周五北上陳抗，讓環保署不勝其擾。環保署長李應元今天表示，已經溝通過很多次，但民主社會，就有人會利用這樣的網路宣傳，做聳動的影片，把空汙法打成惡法，他覺得「好氣又好笑」。
李應元表示，車主根本不強制，只要合乎排放標準，就可以上路，政府還補助維修民眾的車子，看是噴油幫浦、噴油嘴、引琴燃料系統等調整、維護、校正，政府都提供補助，上限5萬元。
環保署表示，除了1、2、3期柴油車外，還有交通部定義的特種車，比如吊車、救濟車、消防車、救護車、警備車等等，都在補助的範圍內。
網路上流傳影片，不斷宣傳環保署要淘汰10年以上的汽機車，讓李應元「好氣又好笑」。 聯合報系資料照片／記者林澔一攝影分享  facebook   "
"影／張國煒航空夢再跨大步 星宇航空運籌中心動土","/news/story/7266/3359122","

長久擁抱航空夢想的星宇航空公司董事長張國煒，展業計畫10日再跨出一大步。星宇航空運籌中心10日上午在桃園機場旁遠雄自由貿易港區動土開工，預計2020年7月完工，成為星宇航空全球營運核心。
星宇航空運籌中心落腳遠雄自由貿易港區的航翔路1號，10日上午11時在工地舉行動土開工典禮，由星宇航空董事長張國煒、桃園市長鄭文燦、遠雄自貿港區董事長葉鈞耀等人共同主持，儀式中來賓共同上香祈福，祝興建工程順利圓滿。

張國煒表示，運籌中心為星宇航空穩健成長的重要基石，更是邁向國際的一大步，未來不僅將成為星宇航空擘劃全球運營的核心，也是飛航組員教育訓練的重鎮，星宇航空將在此執行最高規格且嚴謹的訓練，培養專業航空人才，維護星宇航空的飛航安全，提供全球旅客安心且精緻尊榮的飛航服務。 
星宇航空規劃興建的運籌中心緊鄰桃園機場，為桃園機場公司與遠雄自貿港區以BOT方式合作興建，佔地2340坪，預計2020年7月底完工。樓層規劃為地上10層，地下2層，樓地板總面積約1萬5800坪，完工落成後，星宇航空將安排第一線作業單位進駐，包含飛航機師、空服員、機務維修、運務地勤及企業安全等，此外，機組員報到中心、航機24小時監控中心及空地勤人員訓練中心也將設立於此。 
星宇航空運籌中心將引進最先進的訓練設施，包含全動態模擬機、服務訓練模擬艙、緊急程序訓練模擬艙、滅火訓練模擬艙、艙門訓練器及各式訓練教室等，期許打造台灣民航業界最優良的訓練環境，預估未來每年將可訓練2500名空地勤人員，投入星宇航空第一線單位，帶給旅客最高品質的搭機經驗。 
在硬體設計上，星宇航空運籌中心外觀採穩重、簡潔的現代風格，演繹創新求變及穩健永續的企業精神。建築主體方正的向上延伸，期許星宇航空一飛衝天，灰白色的外牆象徵無垠的天空，上方框代表繁星綻放光芒，再飾以棕色隔板及黃色線板，分別象徵航道及航線，為建築物注入活力。大樓內部也極具巧思，頂樓設計貫通上下層的中庭景觀區，員工可透過玻璃屋頂仰望天空，在努力工作之餘，也能在此享受放鬆沉澱的時光。 
星宇航空進駐後，可望為桃園創造可觀的週邊效益。統計數字顯示，在亞太地區每投入1位航空業人力，約可創造7點69個周邊產業工作機會，星宇航空規劃未來10年內招募至少8000名員工，估計可增加約6萬個就業機會。星宇航空公司運籌中心開工動土典禮，10日上午在桃園機場自由貿易港區舉行，由董事長張國煒（右二）、桃園市長鄭文燦（右三）、遠雄自由貿易港區董事長葉鈞耀等人共同主持。記者陳嘉寧／攝影分享  facebook   長期擁抱航空夢的星宇航空公司董事長張國煒，10日上午主持星宇航空運籌中心開工動土典禮時，興奮之情溢於言表。記者陳嘉寧／攝影分享  facebook   星宇航空公司運籌中心開工動土典禮，10日上午在桃園機場自由貿易港區舉行，由董事長張國煒（如圖）、桃園市長鄭文燦、遠雄自由貿易港區董事長葉鈞耀等人共同主持。記者陳嘉寧／攝影分享  facebook   長期擁抱航空夢的星宇航空公司董事長張國煒，10日上午主持星宇航空運籌中心開工動土典禮時，興奮之情溢於言表。記者陳嘉寧／攝影分享  facebook   "
"亞培案為何那麼晚曝光? 原來是這些原因","/news/story/7266/3359147","亞培變質營養品事件越演越烈，截至9月9日下午5時期限為止，共有六款產品264萬4939罐遭預防性下架。亞培台灣分公司於今年1至8月總共收到來自賣場、藥局、醫院、消費者等629件客訴，包括兩家醫院，但業者自認產品安全，因此，並未向衛生單位通報，直到消費者向媒體爆料，整件事情才曝光。
外界質疑食藥署處理速度過慢，食藥署食品組組長潘志寬喊冤，媒體在9月5日刊登三款亞培產品疑似變質，在之前食藥署、衛生局毫無所悉，也沒有接到任何的投訴及檢舉。
新聞揭露後，食藥署立即請北市衛生局調查，並未延誤查辦進度，因為衛生單位自始自終都沒有拿到有疑慮的產品，當然無法進行查驗產品品質是否危及健康，亞培最後自承客訴案件超過六百件，因此，食藥署上周五啟動預防性下架，並抽驗所有產品。
日前一名消費者向媒體爆料，指稱喝了三、四年的原味安素，在開罐後，結塊變質，甚至有臭味，業者一開始低調回應，僅表示，只收到六起亞培安素投訴事件。
但在亞培發出第二件聲明時，北市衛生局才發現情節重大，因為聲明中，主動提及另有五款產品也收到消費者投訴，衛生局進而積極追查，逐一比對產品及投訴事件。
最後業者坦承1至8月收治629件投訴，包括六款產品，而「原味安素」也非原先所言的六件，而是199件，至於未向衛生單位報備的原因則是總公司認為安全沒有疑慮。
由於亞培相關營養產品在台灣市占率極大，約占五、六成，牽扯層面甚廣，食藥署與北市衛生局開會討論後，於上周五晚間決定六款產品採預防性下架。
由於亞培台灣分公司位於台北市，因此北市衛生局依據「台北市食品安全自治條例」第10條規定，食品實體及網路販售業者於獲得食品不安全訊息時，從9月7日下午5時起，應於48小時內，與該食品有關相關產品，業者必須完成預防性下架。
亞培變質營養品事件越演越烈，截至9月9日下午5時期限為止，共有六款產品264萬4939罐遭預防性下架。 聯合報系資料照／記者陳靖宜攝影分享  facebook   "
"亞洲前25大最佳博物館 台北故宮拿下第8名","/news/story/7266/3359838","全台最佳博物館的國立故宮博物院。圖／TripAdvisor提供分享  facebook   博物館向來是許多旅客出遊也喜歡前往的景點之一，旅遊網站公布今年「旅行者之選」最佳博物館榜單，亞洲前25大博物館中，台北國立故宮博物館擠進前10名，亞洲前25大博物館榜單中位列第8，也是台灣最佳博物館的第1名。其次是台南奇美博物館，在亞洲前25大博物館榜單拿下第19名，則是台灣最佳博物館的第2名。
旅遊網站TripAdvisor公布今年旅行者之選最佳博物館榜單，亞洲前25大最佳博物館排行榜中，其中，以越南博物館最受青睞，包含胡志明市的戰爭遺跡博物館、越南河內婦女博物館、越南河內民族學博物館，分別拿下第1名、第7名及第10名。第2名及第3名則分別是柬埔寨金邊吐斯廉屠殺博物館、中國大陸西安秦始皇兵馬俑博物館。此外，台灣的台北故宮博物館則是擠進前10名，拿下第8名；台南奇美博物館拿下第19名。
除了亞洲前25大最佳博物館排行榜外，旅遊網站TripAdvisor也公布台灣最佳博物館排行榜，前2名為唯二入選前25大的台北故宮及奇美博物館，其次則依序是新北金山朱銘美術館、屏東車城海生館、台南安南台灣歷史博物館、台中台灣美術館、台中霧峰921地震教育園區、台東台灣史前文化博物館、台中國立自然科學博物館、高雄駁二藝術特區。獲得亞洲最佳博物館第1名殊榮的越南戰爭遺跡博物館。圖／TripAdvisor提供分享  facebook   秦始皇兵馬俑博物館則是獲選亞洲最佳博物館第3名。圖／TripAdvisor提供分享  facebook   深受海內外旅客喜愛的朱銘美術館獲得全台最佳博物館第3名。圖／TripAdvisor提供分享  facebook   排名全台最佳博物館第二位的奇美博物館。圖／TripAdvisor提供分享  facebook   "
"生活見聞／接駁之道","/news/story/7272/3354935","圖／PPAN分享  facebook   
因應時代變遷，許多賣場、大型醫院皆設有接駁車免費載送顧客，每當乘客到站魚貫下車時，「謝謝」聲此起彼落，如大珠小珠落玉盤，煞是好聽。
有趣的是，司機的回應可概分二種，一類是熱情回應，另一種則是不予理會。例如住家附近的賣場，有位中年司機總在發車前的空檔挺著啤酒肚、戴著黑亮的太陽眼鏡於一旁抽菸，如果只憑他的外貌就將之歸類為粗魯派，那就大錯特錯！事實上他有極佳的親和力，當乘客下車道謝，他一律以熱情有勁的語調回應道別。無論出門或回家，我都接收到那充滿生命力的能量，未曾漏接；連小朋友都喜歡黏著他伯伯長伯伯短地說不停，他開車又穩健，簡直就是司機楷模。
然而有天突然換了個瘦小的司機來開車，橫衝直撞不說，還曾開到一半突然停在路邊直接跳下車，大家錯愕不已，以為是車子發生狀況，孰料那老兄幾分鐘後拎個便當上來，二話不說繼續開，好像啥事也沒發生。到站後乘客的感謝他一概不理，久而久之大家也多半靜默下車，讓我特別懷念那位墨鏡大叔。
至於醫院的接駁車，因為行經的路線長，乘客上車得先自報站名。有位年紀稍長、個兒短小精悍的司機，他開車跟個性一樣溫和，一時漏報站名，他會仔細詢問並一一登記，下車道謝時他會回你：「下車小心！」後來他因病離職，換上一位中年壯漢，他惜字如金，難得開口卻讓人退避三舍。搭上他開的車，每個人戰戰兢兢報上站名，他不覆誦也不登記，有時不免懷疑他是否有聽見？待大夥兒坐定，他有時會神來一問：「後面那位要去哪？」大家面面相覷，不知他到底在說誰？因為全部的人都是他「後面那位」啊，等到搞清楚時已惹得這老兄情緒高漲。就算你依規報上站名，以為可安心就坐，沿途他也會冷不防地問：「XX站有沒有人下？」你得高聲即時回答，否則又惹得他不悅。
但我有次還是不小心惹到他，一位下車的老太太一腳踩上有落差的地面，重心失衡摔落，看到這一幕的乘客驚聲尖叫，我顧不得老爸還在車上，連忙衝下去攙扶並查看她的傷勢，確定無礙時，一旁下車的乘客提醒我車子要開走了，我一轉身發現車門已經關上，腎上腺素激發下掄起拳頭猛敲車門，車門打開的剎那，司機粗口完賞我一句：「敲那麼用力做什麼？」我登時像吃了熊心豹子膽似地大聲回嗆：「我怕你沒聽到啊！我爸爸還在車上欸！」他一時語塞，總算免去一場風波。
一樣單調的工作，接駁之道因人而異，短短的時程讓人有截然不同的感受；而那些譜出溫度的接送者，雖然只是平凡的小人物，卻總令我回味再三。
"
"官網破壞文旦行情惹怒農民 雲議員：根本豬隊友","/news/story/7266/3359013","雲林斗六文旦因為吃起來香甜細嫩，在中秋禮盒市場成為寵兒，禮盒售價約從每台斤50、60元起跳，但日前雲林縣政府在官網提供單一合作農場訂購資訊，售價明顯低於市價，不少農民反彈，認為縣府打亂市場行情，對農民及好不容易建立的斗六文旦品牌都是很大的傷害。
雲林縣政府日前在官網提供斗六某合作農場的文旦訂購資訊，優級文旦十台斤禮盒只要450元、特級也只要500元，消息一出，引起斗六農民反彈，質疑官網上面的售價低於市價，影響斗六文旦行情。
雲林縣議員王又民表示，斗六文旦成本每台斤約50元左右，文旦定價依照甜度區分，基本入門款每台斤大約都從50、60元起跳，縣府官網上的訂購資訊沒有標示甜度，又低於市價，不少農民看到都向他反映，可能影響銷售及價格，「根本是豬隊友」，他也質疑該農場是拿其他產區的文旦來充作斗六文旦銷售，才有如此低廉售價。
雲林縣長李進勇表示，該農場是由農糧署媒合銷售的農場，因此才會在官網放上訂購資訊，他相信消費者都有一分錢一分貨的觀念，斗六文旦品質好，在市場的價格也比較高，在官網的訂購資訊確實可能引起誤會，因此已經撤下，縣府也會極力為農民行銷推廣。
斗六第10果樹產銷班長朱清輝表示，斗六文旦不僅在國內打出知名度，他的果園今天就有日本遊客專程慕名而來品嘗，農民積極在為雲林農產努力，縣府卻在官網提供低廉售價，不少班員都無法理解，且文旦農民辛苦一整年，只有一個月的銷售期，縣府的做法對他們來說確實是一種傷害，也可能砸了好不容易建立的斗六文旦品牌。雲林斗六文旦因為吃起來香甜細嫩，在中秋禮盒市場成為寵兒，果農忙著裝箱出貨，對於縣府官網提供的便宜售價資訊，都認為對果農是很大的傷害。記者陳雅玲／攝影分享  facebook   雲林斗六文旦因為吃起來香甜細嫩，在中秋禮盒市場成為寵兒，果農忙著裝箱出貨，對於縣府官網提供的便宜售價資訊，都認為對果農是很大的傷害。記者陳雅玲／攝影分享  facebook   雲林斗六文旦因為吃起來香甜細嫩，在中秋禮盒市場成為寵兒，果農忙著裝箱出貨，對於縣府官網提供的便宜售價資訊，都認為對果農是很大的傷害。記者陳雅玲／攝影分享  facebook   雲林斗六文旦因為吃起來香甜細嫩，在中秋禮盒市場成為寵兒，甚至有日本遊客慕名而來。記者陳雅玲／攝影分享  facebook   "
"賞文迴響／愛的分享","/news/story/7272/3354934","拜讀8月20日小魚媽媽的〈為娃娃找新家〉一文，帶我回到二十年前的時光隧道。某年暑假，女兒帶兩位同學來家裡小住，逢甲夜市是他們吃喝玩樂的首要重點，深夜回來的三人像耶誕老人背了三大袋戰利品，送了五六十個絨毛玩偶給我，我目瞪口呆，女兒說同學是夾娃娃機高手，戰績輝煌。第二天我把玩具帶到班上，讓小朋友摸彩，聽他們尖叫，看他們雀躍，我也開心，這些玩偶適得其所了。
女兒從國中到高中，同學間的生日禮物，除了互送文具書籍外，最多的就是毛絨絨的玩偶，幾年累積下來，已經屋滿為患。擺放久了沾滿灰塵，鼻子過敏的我只能敬而遠之，最後打入冷宮收進櫃子。
女兒脫離稚氣的年齡，對堆積如山的布偶玩具也沒興趣了，只好幫她處理，很多連塑膠袋都沒拆，我和老公把玩偶整理後，捐贈給附近的育幼院。我還清楚記得那一天是耶誕節，看孩子們興奮地挑選自己喜歡的玩具，抱著它又親又吻，對了，這就對了，有玩具陪伴的童年最幸福了。
有隻比小朋友身體還要壯碩，柔軟又可愛的黑猩猩，被一個較大的男孩抱走了，他倒在黑猩猩的懷裡，瞇著眼開心地說：「像媽媽的懷抱一樣溫暖。」聽了心酸，眼眶溼了。
望著空蕩蕩的櫃子，雖然有點失落，但是替它們找到小主人，何嘗不是最好的安排。"
"搶掀背車霸主 TOYOTA AURIS 帥氣上路","/news/story/7270/3359998","
掀背車款是許多年輕族群或小家庭喜歡選購的車款，近年也持續維持每年1.3萬台的規模，TOYOTA總代理和泰汽車正式在鬼月結束後火速發表話題車款TOYOTA AURIS，並祭出83.9萬起的售價，正面迎戰進口掀背銷售霸主Mazda3的地位。<U+00A0>
和泰汽車總經理蘇純興表示，TOYOTA AURIS這次在日本母廠的大力支援下，提供台灣市場相當優異的配備及售價，主要是希望透過AURIS的導入，扭轉過往TOYOTA較為溫和平實的印象，吸引年輕人入主。
全新日本原裝進口AURIS除了擁有更具線條及動感的外型，憑藉新世代TNGA「高剛性底盤」，全新AURIS擁有4米37的靈活車身尺寸與較低的車身高度，與主要競爭對手Mazda3相去不遠，但低重心設計不僅帶來良好的空氣力學表現，同時塑造低伏的視覺效果，也有更好的操控感受。
AURIS除了採用頗受好評的TNGA底盤進行打造外，並搭載全新「Dynamic Force 2.0L引擎」、「Direct Shift-CVT變速箱」與「獨立雙A臂後懸吊」，擁有「高剛性車體」、「低重心設計」、「四輪獨立懸吊」、「操控樂趣高」、「駕馭視野佳」及「乘坐舒適度高」等六大特點。在安全科技部分，則搭載Toyota Safety Sense主動式安全防護系統，搭配7具SRS氣囊，提供優異安全防護。
長期盤據進口掀背車銷售冠軍的Mazda3，日前推出新年式車款升級，調整車系編成為「尊榮安全版」及「尊榮進化版」兩車型，並分別增加MRCC與SCBS-F等主動安全配備。大改款車型則預計明年導入台灣市場，將與AURIS正面爭奪銷售冠軍寶座。
國產陣營部分，Ford Focus全新大改款車型可望在今年底前在台發表，除了車身尺寸增加提供更好的乘坐品質及更優異的內裝質感外，更有望導入先進的安全科技，搭配上原有的EcoBoost渦輪動力以及國產車更為親民的價格優勢，也有機會與進口車一較高下。TOYOTA總代理和泰汽車發表日本原裝掀背車TOYOTA AURIS，並祭出83.9萬起的售價，正面迎戰進口掀背銷售霸主Mazda3的地位。圖／和泰汽車提供分享  facebook   國產掀背暢銷車款Ford Focus大改款車型有望在年底發表。圖／Ford提供分享  facebook   "
"喉嚨卡卡檢查卻正常 醫師說可能是「喉球症」","/news/story/7266/3360005","喉嚨卡卡，檢查卻正常，到底是什麼問題？高雄市文心診所主治醫師王圓媛提醒，可能是喉球症。圖／本報資料照片分享  facebook   喉嚨卡卡，檢查卻正常，到底是什麼問題？以下是高雄市文心診所主治醫師王圓媛分享她的門診經驗：<U+00A0>
「醫師，我是不是得了癌症阿？」這位28歲女性緊張地問。「我喉嚨卡卡的，好像有痰，但又咳不出來，吃飯沒什麼問題，但吞嚥時感覺怪怪的。你看，我現在吞口水也覺得怪怪的，而且耳朵還有點悶悶的感覺。」
「我看妳之前的雲端病歷，好像常常跑耳鼻喉科。」我說。
「對阿，因為覺得喉嚨有東西，我做過耳鏡、咽喉檢查、胃鏡，連大腸鏡都做了，報告都說沒問題，但我就是覺得不舒服，我家人有喉癌病史，我會不會也得癌症？」她焦慮得連椅子都坐不住。
仔細問診後發現，個案情緒焦慮，雖然自己感覺情緒平穩，但陪伴者補充個案睡眠容易醒，且平時白天工作警覺性過高。
「那怎麼會想要來身心科就診呢？」
「我也不知道我是怎麼了，反正跑很多家耳鼻喉科，醫師給我的答案都是檢查正常，有個醫師說可能是我自律神經失調，所以轉介我來身心科。」
的確，臨床上身心科處理不少個案，是由各內外科先安排儀器檢查後，發現沒有生理上的病灶，最後輾轉轉介而來的。個案常常受困於身體生理上的各種不適，例如：找不出原因的疼痛、消化不良、掉髮、睡眠問題、神經學症狀…等等。個案都先經過各種儀器和抽血檢查，並且尋求第二意見後，才到身心科就診。
就以「喉球症」的個案為例，典型症狀是覺得喉嚨好像有一塊東西卡在那裡，甚至感覺是不是有痰，雖然會覺得吞嚥異常，但不會影響進食，所以體重也不會減輕（這是很重要的關鍵）。如果再加上身體檢查沒問題，「喉球症」就是第一要考慮的病症。
而個案常常會問：為什麼我會有「喉球症」？根據過去文獻研究資料顯示，喉嚨部位的「環咽肌（cricopharyngeus）」不夠放鬆或失去協調性，是這個病症的主要原因。但胃酸逆流也會有此症狀，所以在辨別「喉球症」時，也要詢問個案是否伴隨胃食道逆流。
治療經驗上，建議並協助個案尋找可能的壓力來源，但有時壓力已經被「內化」，所以詢問時，個案會覺得「好像沒什麼壓力」，此時就要考慮慢性壓力造成的疲勞症狀。
專業上建議個案調整生活、減輕壓力並運動，但畢竟「遠水救不了近火」，慢性的疲勞和壓力，是很難在一次看診時處理完善，所以對於嚴重的個案會建議暫時性的服藥治療。最終還是希望定期回診追蹤，穩定已失調的自律神經、改善生活才是目標。"
"鄭明典一張圖告訴你 這個熱低往北或南跑","/news/story/7266/3358579","中央氣象局今晨發布熱帶性低氣壓特報，表示熱帶性低氣壓1002百帕，今晨2時在台灣東南部海面，中心近似滯留，有發展為輕度颱風的趨勢。氣象局副局長鄭明典在臉書貼文說，由雲型分布加上動態分析來看，這個熱低（熱帶性低氣壓）的外圍氣流明顯受到中央山脈的阻擋，一股氣流往北繞，另一股氣流往南和熱低內圈環流形成擠壓，並有往南加速現象。
鄭明典表示，從流體力學觀點，往北繞山氣流明顯的話，有利熱低往北移動；如果往南擠壓加速明顯的話，熱低則會往南繞過南方地形。繼續觀察。熱帶性低氣壓的外圍氣流受山阻擋的反應。圖／擷自鄭明典臉書分享  facebook   "
"癌症免疫療法 專家擬定給付6大優先順序","/news/story/7266/3358780","晚期肺癌將成為免疫療法下一波給付對象。圖／聯合報系資料照片分享  facebook   
晚期肺癌將成為免疫療法下一波給付對象。健保署上周五召開專家會議討論免疫療法給付癌症的優先順序，專家針對3種免疫藥物，排列給付順序，第1名為黑色素瘤（已核准），鱗狀非小細胞肺癌、無EGFR基因突變的非小細胞肺癌，則列為第2及第3順位。
台灣肺癌學會理事長、台北榮總胸腔部一般胸腔科主任陳育民表示，對於晚期肺癌患者來說，免疫療法成了活下去的最後機會，但價格昂貴，絕非一般家庭所能負擔。
陳育民說，免疫療法是以患者體重來決定用藥劑量，一般50幾公斤女性連續用兩年，約近5百萬。如果體重7、80公斤，2年藥費將高達7、8百萬元。就有患者連續用了3年多，病情穩定，但已花了1千多萬元。
免疫療法給付癌症優先順序分別為黑色素瘤第一線治療、鱗狀非小細胞肺癌第二線治療、無EGFR基因突變的非小細胞肺癌第三線治療、何杰金氏淋巴瘤第三線治療、泌尿道上皮細胞癌第二線治療、頭頸部鱗狀細胞癌。
台灣臨床腫瘤醫學會理事長、新光醫院健康管理部主任高尚志指出，晚期肺癌將是下一波免疫療法開放給付對象，晚期肺癌存活率不高，而麟狀非小細胞肺癌、無EGFR基因突變的非小細胞肺癌可說是無藥可用，一旦開放，將造福許多癌友。
高尚志指出，免疫療法就是精準醫療，「如何找到對的人，給有效的藥物」是成功關鍵，由於目前用來預估療效的生物標記尚未標準化，不像標靶藥物可以透過基因檢測可得知療效，因此，國內四大癌症相關學會建議，採「風險分擔」制度。
高尚志表示，健保資源有限，在扣除兩億元黑色素瘤免疫療法給付之後，今年僅剩8至10億元可用在肺癌及其他癌症，為了讓更多癌友有活下去的機會，不能將健保預算花在「病人試用」。
高尚志建議，由廠商負起風險分擔責任，符合資格晚期癌友先試用3個月，確定有效後，再由健保給付，等癌友又繼續用了3個月，由醫師提出病歷，交由專家審議，如有效果，再繼續給付。"
"965「板橋－金瓜石」快速公車路線10日起通車","/news/story/7266/3358857","板橋到九份、金瓜石更方便了，新北市政府與臺北客運合作新闢965「板橋-金瓜石」新北市快速公車，將自9月10日(星期一)起通車營運，該路線配置12輛全新高速巴士，具有觀光旅遊與瑞芳地區通勤、通學功能。
為鼓勵民眾多多利用，9月10日通車第一天本路線免費搭乘，另外加碼於9月10日至9月12日舉辦抽獎活動，凡活動期間搭乘本路線的民眾，有機會獲得價值1.7萬元板橋凱撒大飯店豪華雙人房住宿券大獎。
臺北客運表示，965「板橋-金瓜石」快速公車路線，由板橋捷運府中站發車，經板橋縣民大道、華翠大橋、臺北市艋舺大道、中華路、市民大道、國道1號、台62快速道路，快速抵達瑞芳、九份、金瓜石，沿途增設「捷運府中站(府中路)」、「板橋公車站」、「萬華車站」、「捷運西門站」、「中華路北站」、「捷運北門站」、「瑞芳火車站」、「九份老街」、「金瓜石(黃金博物館)」等26站位，單程行車時間約80分鐘，該路線採雙向對開，發車時間平日6時至21時、假日7時至21時，平日58班次、假日72班次，發車班距平常日尖峰30-40分、離峰40-60分、例假日30-40分班乙班，採六段票收費，為便利民眾搭乘，於通車初期將會以固定時刻表發車。
臺北客運進一步分析，過去從板橋前往九份旅遊的民眾或是瑞芳地區前往臺北的學生及上班族，無論搭乘客運或火車，皆需轉乘公車，耗費轉乘時間與交通費，這條965快速公車路線開通後，瑞芳地區民眾只要60分鐘可達臺北市西區門戶(機場捷運A1站及西門町)，80分鐘可達板橋，不但一車直達、人人有座位，而且民眾可持雙北1,280月票搭乘，並享有公車、捷運雙向轉乘優惠，對於一般民眾及瑞芳地區通勤族來說，可省下不少交通費用。
為慶祝965線上路營運，臺北客運將在9月10日(星期一)至9月12日(星期三)舉辦「相揪搭965公車去九份」抽獎活動，搭車民眾於上車時向司機大哥索取抽獎券，於下車前，只要在臉書上打卡，標註例如: 「我搭965抽凱撒飯店住宿券」、「搭965去九份」、「新北市公車讚」、「臺北客運讚」等語句及相片，即可將抽獎聯投入965線車上錢箱，有機會獲得板橋凱撒大飯店豪華客房雙人住宿券、台北趣淘漫旅探索客房雙人住宿<U+52B5>、板橋凱撒大飯店朋派自助餐廳雙人美饌<U+52B5>、台北天成大飯店Burger Lab.漢堡套餐兌換券、內含儲值金之電子票證、965線一日券等多項獎品，眾多商品等你來抽，台北客運公司將提供2,000張抽獎券，數量有限發完為止，抽獎辦法請參閱臺北客運官網查詢(www.tpebus.com.tw)。板橋到九份、金瓜石更方便了，新北市政府與臺北客運合作新闢965「板橋-金瓜石」新北市快速公車，將自9月10日(星期一)起通車營運，該路線配置12輛全新高速巴士，具有觀光旅遊與瑞芳地區通勤、通學功能。　圖／台北客運提供分享  facebook   "
"曾國城的2分鐘快感爆笑相對論 就在紐約時裝周","/news/story/7270/3359186","對於社群現象、刻板定義的美有所反思，是台灣時裝設計師周裕穎的品牌JUST IN XX在紐約時裝周發表2019春夏系列的主題，這場在Spring Studios發表的大秀，現場熱鬧歡騰，中場還有陳奕凡（OZI）驚喜演唱，伸展台一秒變成炫目夜店，豐富了時裝秀的感官效果。
陳奕凡（OZI）中場演唱是JUST IN XX服裝發表一大驚喜。記者楊詩涵／攝影分享  facebook   
周裕穎以F@$HITION字樣為主題，模糊當代生活和藝術的界線，用許多趣味的圖案與概念打造了2019春夏系列，例如邀請函是一隻魔鬼氈的手，可以讓人自由貼在身上各處，王思偉腰際的兩隻手就打造醒目驚豔的效果；而有一件肉色緊身衣上面的印花是拔罐痕跡，周裕穎笑說，凡是刮痧與拔罐，都是網紅免修圖、卻可得到最多同溫層來按讚的照片，因此把它作為服裝印花，幽社群現象一默。
陳奕凡（OZI）將手造型魔鬼氈貼在肩上，相當有趣。記者楊詩涵／攝影分享  facebook   秀上的「一隻手」魔鬼氈，意義彷彿是這場秀的「#hashtag」。記者楊詩涵／攝影分享  facebook   
早在幾天前，為鋪陳這場秀的宗旨「美不是只有一種標準」，就釋出與H.H合作的視覺形象，將他筆下的微胖女孩「美美」作為主視覺，仿效P圖導致建築物都扭曲的畫面，讓人會心一笑，周裕穎表示，「在網路的虛擬世界和真實世界之間，打造每一件服裝的真假兩面，用印花圖樣和真實剪裁拼接，脫離中國風或傳統元素，是本季的新手法。」主要還是對於社群年代做美學反諷，例如開秀的閃亮大眼睛眼鏡，就是反思「每個人都自有其特色，卻為什麼都要一樣」，因此找來堅稱「控制體重而非減肥」的曾國城破天荒第一次走時尚秀，以及身材各異的模特兒、網紅登上時尚伸展台，就是想宣揚「美並沒有標準」。
曾國城人生中的首度走秀獻給了JUST IN XX在紐約時裝周的2019春夏發表。記者楊詩涵／攝影分享  facebook   名模王思偉（左）身上的服裝輪廓展現p圖的扭曲，腰際的2隻手相當點睛。記者楊詩涵／攝影分享  facebook   
型男大主秀曾國城共換了2套服裝，還走壓軸，結束後在後台顯得相當興奮，直言讓他先冷靜一下卻不改信手捻來的搞笑，「走秀這事準備老半天只有給那1分鐘還2分鐘，我忙了一整個禮拜就為了那2分鐘，跟傳宗接代一樣，好緊張喔！」他坦言台下好奇的、質疑的眼光，有表情的、沒表情的各色人種面孔，讓他對這個不熟悉的表演感到很特別，和演舞台劇很不一樣，但他認為每一件服裝都應該是有情緒的，他給自己的表現打70分，剩下的30分還在琢磨音樂節奏、服裝表情。
關於首度登上伸展台，減肥應該是理所當然？曾國城說，「不要用減肥這兩個字，那表示本來是肥的才要減，減肥兩個字有點褻瀆了我的身材，只能說我有控制體重，像我身上的服裝雖然靈感來自麵條，但還是在走動間有飄逸輕快的表現。」對於周裕穎邀約他走秀，他開玩笑說這個奇想是走投無路了嗎？但想到這是紐約時裝周和周裕穎的聯乘元素，他感動、心動、激動之下，也就有了這次的新嘗試。
設計師周裕穎夫婦和曾國城夫妻在後台合影。記者楊詩涵／攝影分享  facebook   後台大合影讓人感受到成果發表後的歡暢與歡樂氣氛。記者楊詩涵／攝影分享  facebook   "
"熱低壓颱風接力襲台 賴清德盼做到這三點","/news/story/7266/3359259","熱帶性低氣壓與中颱山竹接力威脅台灣，行政院長賴清德今天下午2時視察中央氣象局。 （聯合報系資料庫）分享  facebook   熱帶性低氣壓與中颱山竹接力威脅台灣，行政院長賴清德今天下午2時視察中央氣象局。中央氣象局預報中心主任呂國臣說明，熱低壓今明天通過台灣南端，若明午前增強為輕颱，氣象局將立即發布海上陸上颱風警報；山竹颱風持續向西移動，未來可能增強為強颱、暴風半徑擴大，本周六、日影響台灣。賴清德則強調，多一分準備，真正致災時才有辦法減少一些傷害，請中央與地方全力以赴。
賴清德致詞時感謝氣象局面對颱風與豪大雨不眠不休。不過他也強調，有鑒於熱帶性低氣壓、西南氣流在南台灣造成威脅，這兩天大雨襲擊北台灣，台灣承受雨量非常多，熱低壓今晚8時至明天也將從台灣南側經過，山竹颱風14、15日也將經過台灣，路線應該已經很確定，但雨量尚難預測，今天特別來氣象局，除了感謝辛勞，也勉勵大家「能做到三點」。
賴清德強調，第一、做最正確的預報，無論是颱風路徑、雨量，或是會下在哪裡，一定要提供最正確的預報；第二、提供最即時的預報，科技愈來愈發達，氣候變遷也愈來愈嚴重，瞬間差異非常大，必須隨時提高警覺，掌握每一分鐘的變化，及時提供訊息，給台灣社會；第三、能提供最全面的服務，氣象資料不是政府需要而已，士農工商無論海域、山上、陸地，各行各業都需要，提報訊息也必須兼顧各行各業，應相當全面。
賴清德也說，由於後續變化尚難全部預測，有些改變可能帶來進一步災情，中央政府各部會及地方政府要嚴正以待，要做到必要性預防性撤離；既然路徑、通過時間已經知道，要做到超前部署，機器、人員、沙包等。他說，這次熱低壓在南台灣造成淹水，南下協助時有發現抽水機功能不佳，可能泡水後損壞、或是本身沒注意的異常，功能要先準備好，使其能發揮作用。"
"睽違6年！太平山蹦蹦車9月19正式鳴笛復駛","/news/story/7266/3358917","

海拔2千公尺上的宜蘭縣太平山蹦蹦車，因颱風重創停駛6年，林務局羅東林區管理處復建，終於在本月19日即將復駛營運，今天羅東林管處育樂課長吳思儀帶著員工與志工們進行蹦蹦車第一次試乘，一旁的遊客看著車子敲鐘出發，長鳴啟動的療癒景象，十分期待正式營運的那天到來。
太平山的蹦蹦車從太平山莊到茂興車站，路軌全長3公里，在民國101年8月被蘇拉颱風重創，造成損壞；經搶修3年後，原預定104年復駛，不料，又因蘇迪勒與杜鵑兩個颱風影響，造成新災害，停駛至今。
蹦蹦車復駛，共有4列列車調度營運，有12名專責工作人員，包括駕駛、機務等，載客的車廂傳統是黃色為基底，復駛後，4列列車的車頭各彩繪一種太平山動物，分別是黃喉貂、藍腹鷴、金翼白眉、灰林鴞。
林管處育樂課課長吳思儀表示，太平山蹦蹦車是台灣唯一把早期伐木器材轉換成可以讓遊客前來的景點，101年被颱風破壞，原訂在104年就修復好並開放，但因為接連兩個颱風搗亂，所以將開放的時間延期到現在，不管是軟、硬體上，林管處都已經讓蹦蹦車準備好隨時復駛，因為這是所有遊客引頸期盼的遊憩設施，蹦蹦車行駛沿途景色也被公認為必看特色之一。
吳思儀也說，如果可以希望大家可以趁著平日來太平山，除了觀賞雲海山林的景色，也能將週邊景點一次享受。
徐姓志工看到蹦蹦車再度復駛，臉上難掩喜悅之情，他提到碰碰車跟以前比起來，舒適度提升，比較不會像以前一樣上下晃動，而且碰碰車停駛六年，今天跟著林管處前來試乘，所有志工都非常興奮。列車長敲響鐘聲，也宣告太平山蹦蹦車即將正式登場。記者江婉儀／攝影分享  facebook   蹦蹦車行駛在鐵道上。記者江婉儀／攝影分享  facebook   羅東林管處育樂課課長吳思儀接受受訪，希望那天大家就都能來一睹蹦蹦車的風光。記者江婉儀／攝影分享  facebook   "
"衛生把關有疑慮 肉品專家不解：怎麼會從大陸帶肉來？","/news/story/7266/3358716","台灣難道沒有肉可吃嗎？肉品專家表示，台灣豬肉、各種肉類製品多樣且有衛生屠宰合格把關；反觀大陸飼養、屠宰、加工品等衛生品質都不可控制，肉品肉製品帶回台灣，保鮮也有疑慮，要吃在當地吃就好，帶回台灣，百害無一利。
國立宜蘭大學生物技術與動物科學系教授林榮信表示，早年國民政府從中國大陸撤至台灣，大陸各省的料理、食品也匯進台灣，有些早年家裡祖傳的肉製品，也在台製作販賣。他說，早期火腿臘肉可能是從大陸進來的，現在大多在台灣做了。台灣的肉品上市，必須有合格屠宰證明書，肉類加工品，也多有CAS等證明，為國人食安把關。
他表示，1997年台灣爆發嚴重口蹄疫後，台灣豬肉在日本市場的47%占有率瞬間衰退，長達20年台灣豬肉都無法外銷；現在中國大陸爆發非洲豬瘟，我國必須更小心，必須評估各種可能阻絕病毒進入台灣的管道，全民必須要配合的就是不要從海外帶回肉類製品。
林榮信表示，台灣肉品、肉類製品這麼多，「真的沒有必要從大陸帶」，要吃在當地吃就好了，不要把這東西帶回國內，輾轉帶回台灣，已影響食物的保鮮。他說，就算帶回來送給親友，親友也不見得敢吃。
林榮信說，前陣子有旅客從大陸帶生絞肉回台，他不解，傳統市場熟識肉攤、各大賣場、超市都可以買到自己需要的產品，「怎麼會從大陸帶進來？」大陸買的生肉，不知道源頭豬隻是怎麼養的，加工品也不知道加了甚麼東西、怎麼製作，國人帶回這些東西，根本害人害己。防檢局統計去年一年，國人從中國大陸帶入肉類相關製品多達609件。圖／防檢局提供分享  facebook   防檢局統計去年一年，國人從中國大陸帶入肉類相關製品多達609件。圖／防檢局提供分享  facebook   "
"吃藥可能讓你變得容易曬傷？來看藥師怎麼說","/news/story/7266/3359586","藥害救濟基金會提醒民眾，應注意光敏感藥物。　聯合報系資料照片分享  facebook   吃藥可能讓你變得容易曬傷？藥師表示，光敏感藥物會讓皮膚對光變得敏感，經吸收紫外線後引起光毒性，進而造成皮膚出現水泡或脫皮，有的人則可能出現曬傷或皮膚炎反應，嚴重整可能導致全身性皮膚病變，平時應防曬並多補水，才能預防或降低藥害發生。
台灣屬亞熱帶氣候，即使入秋，白天高溫仍可能高達35度，炙熱陽光易使皮膚變黑或曬傷。
藥害救濟基金會表示，有部分食物會讓原本對陽光不敏感的肌膚，突然變得敏感，例如柑橘、葡萄柚，胡蘿蔔或芹菜類等。
但是除了食物，部分藥物也可能出現光敏感反應，例如抗生素、非類固醇消炎止痛藥、利尿劑或口服A酸等。藥害救濟基金會指出，這些藥物可能會使皮膚突然變得容易曬傷，或出現發紅、腫痛或皮膚炎症狀。
高雄慈惠醫院藥劑科藥師洪俊彬表示，藥物光敏感反應依臨床特徵，分為光毒性與光過敏性二種。因藥理機轉，讓皮膚對光更敏感，經吸收紫外線後引起光毒性，進而造成皮膚損傷，出現類似嚴重曬傷症狀如水泡、脫皮等。
至於光過敏性，則以皮膚炎為主，與個人免疫反應有關，像是有免疫疾病的特異體質患者，就容易出現光過敏反應，除了引發像曬傷症狀外，甚或可能蔓延到其他未曝曬部位，嚴重者可能導致全身性皮膚病變。
如何預防藥物引起的光敏感反應？洪俊彬建議，若民眾服用易引起光敏感藥物，外出應做好防曬措施，特別是上午10點到下午4點之間，例如穿長袖衣物、戴帽、撐傘等，也可抹防曬品減少紫外線吸收。
此外，民眾也應補充足夠水分，以體重70公斤為例，每天約須補充2000到2500毫升的水，並以300到500毫升的水分次補充較好。
藥害救濟基金會也提醒，民眾過去若曾有光敏感反應病史，應主動告知醫師，以便調整藥品的品項及劑量。若正在服用，則需特別做好防曬措施，並考慮盡量在夜間服用。倘若皮膚出現光敏感反應，也應立即回診就醫。

1.發生率：高。
2.引起光敏感所需劑量：大。
3.日曬後作用時間：數分鐘到數小時。
4.發生部位：日曬部位。
5.臨床特徵：嚴重曬傷如水泡、脫皮。
6.對象：任何人。

1.發生率：低。
2.引起光敏感所需劑量：小。
3.日曬後作用時間：24到72小時。
4.發生部位：除了日曬部位，也可能蔓延到其他未曝曬部位。
5.臨床特徵：皮膚炎，嚴重可能出現類似史蒂芬強森症候群（皮膚廣泛性脫落、壞死、黏膜糜爛等）。
6.對象：過敏體質者。
資料來源／藥害救濟基金會藥害救濟基金會提醒民眾，應注意光敏感藥物。　圖／藥害救濟基金會提供分享  facebook   "
"熱帶低壓影響 離島客輪停駛 蘭嶼中午後停班停課","/news/story/7266/3358997","受到熱帶低氣壓影響，台東縣離島蘭嶼鄉風力甚劇，致人車行駛困難，台東縣政府上午9時許，宣布蘭嶼全鄉今天中午之後停班停課；另因東部外海海象惡劣，風浪過大，往返離島蘭嶼及綠島往返台東的交通船也從今天早上8點半之後停駛。
總統府促進轉型正義委員會主委黃煌雄原定今天下午帶媒體前往綠島，視察人權紀念館及早年戒嚴時期的警總新生訓練隊舊址，也因交通船不開而取消。
位於鵝鑾鼻東南東方約150公里的熱帶性低氣壓，雖然最快今、明兩天有可能增強為第23號颱風「百里嘉」，但外圍環流已對台灣東南方的離島蘭嶼及綠島造成影響；蘭嶼鄉今天上午已出現強風，預測會有13級強陣風，台東縣政府宣布今天中午之後蘭嶼鄉停班停課，另外，今早8點半過後往返綠島、蘭嶼的交通船全部停駛，請遊客注意航班資訊。受熱帶低壓影響，東部外海海象惡劣蘭嶼及綠島往返台東客輪交通停擺，所有客輪均停靠台東市富岡漁港內。記者羅紹平／攝影分享  facebook   "
"凱達霸氣中秋饗宴 烤乳豬、爐烤牛不惜本無限供應","/news/story/7270/3359635","
中秋吃烤乳豬更夠味！凱達大飯店百宴自助餐廳中秋節期間推出限定2天的霸氣海陸中秋饗宴活動，除了有爐烤美國牛肉、扇貝、鮮蝦、螃蟹、生蠔等美食，還加碼供應烤乳豬，並強調加量不加價，每人980元起。
凱達大飯店百宴自助餐廳於9月22日到9月24日的午、晚餐時段推出霸氣海陸中秋饗宴，餐檯除了有爐烤美國牛排、扇貝、鮮蝦、螃蟹、生魚片等海鮮美饌，還有碳烤生蠔、一夜干、烤蝦、肉類串烤，以及加碼推出的一整隻烤乳豬，滿足愛肉族大口吃肉的慾望。此外，餐檯設有多種湯頭麻辣燙區，提供蔬菜、菇類、肉類、魚片、王子麵、油條等食材，享受美食籍DIY樂趣。同時還有定時港點推車及冰淇淋推車，以及多款西式精緻甜點。
凱達大飯店表示，此次活動雖在中秋連假期間，但強調加值不加價，比照一般假日午餐、晚餐時段收費，每人最低980元起。凱達大飯店百宴自助餐廳於9月22日到9月24日的午、晚餐時段推出霸氣海陸中秋饗宴。圖／凱達大飯店提供分享  facebook   活動僅限定2天，強調比照一般假日收費，每人最低980元起。圖／凱達大飯店提供分享  facebook   "
"美網大阪直美奪冠 星辰表也沾光","/news/story/7270/3359699","普遍來說，網球選手鮮少會配戴腕表上場比賽，多數時刻總在場下或站上頒獎台時，才會戴上。不過由小威廉絲（Serena Williams）開始，似乎創造了女性網球員也戴表打球的風潮，而最新的美國網球公開賽女子冠軍得主大<U+5742>娜奧米（Naomi Osaka）也同樣全程配戴了星辰表（Citizen）征戰。
從勞力士、泰格豪雅（TAG Heuer）、Seiko或是RICHARD MILLE都有贊助的頂尖網球員，星辰表在這方面則是著墨較少，雖然過去亦有贊助美國網球公開賽，但有品牌大使還是頭一遭。但不得不說，Citizen眼光精準，大<U+5742>娜奧米世界排名還在女子單打前40名時，就簽下她成為代言人。不到一個月的時間，這位年僅21歲的網球好手，就以直落二的成績，拍下網壇傳奇的小威廉絲，勇奪人生首座大滿貫金盃，連大<U+5742>娜奧米自己也不敢置信。因此連帶的讓她所配戴的多款星辰表，也開始多了不少消費者詢問。
坦白說那些頂尖選手所配戴的表款，多數的價格都不是太親民，球王喬科維奇所代言的Seiko限定表，亦要價約2萬元以上。然而，大<U+5742>娜奧米所演繹的多款腕表，則是功能與價格相符，像是高舉冠軍盃時戴的Eco-Drive系列以鈦金屬製成，黑色的表盤搭配了玫瑰金鍍層表圈，還具有藍芽連線功能，在陽剛的外型中，帶有幾許柔美，因此男、女皆宜。而出席品牌活動，曾配戴的L系列朧月表，更是Citizen今年新款的重點女表之一，經過高拋光處理的表殼帶來鏡面般的閃耀光澤，右下方鑲嵌單顆鑽石，更添優雅風格。Citizen Eco-Drive系列BZ4006-01E腕表，鈦金屬表殼，具藍芽連線功能，約21,800元。圖／Citizen提供分享  facebook   Citizen Citizen L系列EG9000-01A腕表，不鏽鋼表殼鍍玫瑰金，約14,800元。圖／Citizen提供分享  facebook   本來籍籍無名的大阪直美扳倒了網壇傳奇小威廉絲，成為首位獲得大滿貫金盃的日本女子球員。圖／美聯社分享  facebook   網球選手大阪直美在場上拚戰時，也配戴了星辰表。圖／美聯社分享  facebook   日籍網球選手大阪直美高舉2018美國公開賽女子冠軍金盃時，配戴了星辰Eco-Drive系列BZ4006-01E腕表。圖／美聯社分享  facebook   Citizen Promaster系列光動能CA0718-13E腕表，不鏽鋼表殼具200公尺防水，約15,800元。分享  facebook   "
"影／亞培6產品預防性下架264罐 食藥署要求1周內提報告","/news/story/7266/3359256","

亞培安素爆出變質，六項有疑慮產品遭衛福部要求在9日下午五點前完成預防性下架，食藥署統計已完成264萬4,939罐產品下架，另外美國原廠已經展開調查，食藥署要求亞培須在一周內提出完整檢討報告說明。
食藥署食品組副組長魏任廷上午(10日)對外說明，目前除了6款疑似變質的產品預防性下架外，衛生單位也針對市面上流通的亞培其他產品介入調查，若發現也有安全上的疑慮，同樣會採取預防性下架措施，保障消費者健康安全。亞培安素爆出變質，六項有疑慮產品遭衛福部要求在9日下午五點前完成預防性下架，食藥署統計已完成264萬4,939罐產品下架，另外美國原廠已經展開調查，食藥署要求亞培須在一周內提出完整檢討報告說明。記者謝育炘／攝影分享  facebook   "
"亞培預防性下架 北市昨在頂好分店發現仍有問題產品","/news/story/7266/3358718","
亞培安素變質案事件擴大，衛福部食藥署要求亞培六款問題產品於本月7號起48小時內完成預防性下架，於昨下午五時前需全數下架完畢，台北市衛生局參議王明理今表示，昨衛生局派員16名稽查人員在北市25處具代表性通路、賣場、藥局等進行抽查，確認業者有沒有完全執行下架。
衛生局參議王明理表示昨稽查結果，在頂好同安分公司發現仍有6罐亞培原味安素陳列架上，業者初步說明是分店員交接班不清楚造成，導致問題產品尚未下架完畢，衛生局本週將會請業者到府說明，本週也將依《台北市食安自治條例》開罰頂好同安分公司3萬元以上、10萬元以下罰鍰。
截至昨為止，亞培相關六項問題產品「亞培原味安素」、「腎補納」、「普寧勝」、「管灌安素」、「健力體」、「愛美力ＨＮ」等六款產品不限批號總計已下架260萬罐左右。
王明理表示，目前衛生局針對亞培已擴大到29款產品都需抽驗，預計一週後發布抽驗結果。至於上述六款已下架產品何時才能恢復販售目前並無確認時程，須待產品完全符合食品安全標準才可上架。
至於有媒體報導亞培其他產品葡勝納、小安素、倍力素等三款產品也有問題，王明理今表示上述產品分別來自不同國家，且都領有衛福部食藥署「特定疾病配方食品」核備函字號，進口時皆有相關簽審文件，且該項產品客訴占比為超過異常值，衛生單位也沒有接到具體客訴，因此上述三款產品無需預防性下架，民眾無須過度擔心。亞培六款問題產品。記者陳靖宜／攝影分享  facebook   "
"台鐵玉里站電力設備故障 1900名旅客受影響","/news/story/7266/3359152","台鐵局指出，今天上午10時31分玉里站內發生電力設備故障問題，10時55分台鐵局立即成立一級應變小組處理接駁，總計影響1900名旅客，其中對號列車延誤超過45分鐘，台鐵局表示，旅客可於1年之內至各站辦理全額退費。
台鐵局緊急將408次旅客改由308次辦理接駁，並將瑞穗到玉里由柴電機車牽引，維持單線雙向行車，約莫在11時30分，電力維修車自台東站開出至玉里站進行電力設備修復，預計下午3時恢復正常行車。
受玉里站站內電車線設備故障影響，台鐵局普悠瑪自強號223次及273次花蓮到樹林間，各開放旅客站票。台鐵局統計，本次事故統計至12時止，共影響9列次。台鐵局指出，今天上午10時31分玉里站內發生電力設備故障問題。聯合報系資料照分享  facebook   "
"找單膝下跪唱國歌的爭議球星代言　Nike廣告這次是否賭成功？","/news/story/6649/3359300","Nike找科林．卡佩尼克（Colin Kaepernick）拍30週年品牌廣告，引發的正負面效應哪個比較大？由數據告訴你！
科林是美國美式足球球星，他從2016年開始為了表達抗議警察對黑人的暴力行為、美國社會存在的種族歧視問題，在比賽演奏國歌時，以單膝下跪的方式表達抗議，此舉動引來極大的正反面爭議，有人大力支持，也有人覺得是藐視國歌和國家，例如—美國總統川普。
Nike和柯林的廣告合作簡單明瞭的闡述理念：「就算會犧牲一切，也得堅守信念（Believe in something. Even if it means sacrificing everything）」
根據Apex Marketing的數據顯示，從9/3（一）柯林在自己的twitter放上廣告照片之後，在24個小時之內有約4千3百萬美元的自然曝光價值產生，其中有44.2%是正面效應，32%中性，23.8%是負面效應。
其中的負面效應包含有些反對民眾在社群網站發起「燒球鞋」、「剪球襪」的Nike抵制運動（#BoycottNike）。

分享  facebook   

而9/5（三）Nike在電視廣告上播出柯林的廣告後，一天之內，Nike在電視、廣播、網站、社群平台的總曝光價值則上升到1.63億美元，其中40%為正面、30%中性、30％負面曝光。

分享  facebook   

全球搜尋量來看，9/3之後Nike在全球的搜尋量大增，以3個月為時間軸來看，Google搜尋熱度是平常的3倍。

分享  facebook   
分享  facebook   

而從相關搜尋更可以證明這些搜尋量皆與科林．卡佩尼克（Colin Kaepernick）相關，其中也可看出包括「抵制」、「爭議」的字眼也有相關搜尋榜，顯示這次廣告的爭議不小。

分享  facebook   



分享  facebook   

柯林廣告釋出的隔天，股價從82.18下降到79.01，下跌3.85%，截至9/6回升到80.4%，但與前12個月的股價相比仍上漲51％。

（作者：游佳璇）

全文未完，完整文圖詳見：找單膝下跪唱國歌的爭議球星代言　Nike廣告這次是否賭成功？

【更多精采報導，請上《大數聚官網：http://group.dailyview.tw》；《大數聚粉絲團：https://www.facebook.com/group.dailyview.tw》；《DailyView 網路溫度計官網：http://dailyview.tw》；《DailyView 網路溫度計粉絲團
www.facebook.com/DailyView.tw》未經授權，請勿轉載！】"
"吳品萱樂穿秋冬新裝 靠工作寵愛自己","/news/story/7270/3359482","名模吳品萱出席精品女裝Fabiana Filippi麗晶店開幕暨秋冬新品發表，不改坦率的個性，把婚變和喪母痛拋在腦後，直說「我很堅強的」，目前人生重心仍是小孩們。
吳品萱表示，若不是同事去走時尚周大秀，不然可能輪不到她出來工作，還打趣的跟對方說：「拜託你向外發展，我這樣工作才比較多」。就像許多的媽媽一樣，吳品萱也認能夠出來工作就像放風一樣，她表示「我用工作來寵愛自己」，因為能跟熟悉的朋友聊聊天、又能穿最新最美的衣服，而且還有錢賺，何樂不為。在活動上她換穿一黑一白的造型，吳品萱形容白色的Look就像是早上要送小孩去上課的貴婦，而黑色的洋裝則像是小孩放學後在寫功課，媽媽正準備要去赴晚宴的穿搭。她認為即使當了媽，也應該要有自己的生活，不管那樣的時間有多長。
這一季，Fabiana Filippi以五個城市的都會女性為靈感，展現不同織品的色彩、形狀和豐厚感。大量使用中性色彩如泥灰、奶油色和松木色，結合了花呢、皮草、羊絨和專利針織面料等素材，以利落的版型創造出適合快速在城市間移動的女性們的單品。不僅如此，秋冬不可或缺的羽絨衣，亦重新以法蘭絨和專利彈性素材製成。另外，Fabiana Filippi還利用絲綢或薄紗晚禮服，與喀什米爾羊絨連衣裙打造出高端的街頭風格。吳品萱身穿白色上衣34,700元、白色拉鍊外套35,100元和白色縮口褲32,100元。圖／Fabiana Filippi提供分享  facebook   Fabiana Filippi秋冬系列黑色羽毛手拿包，約45,400元。圖／Fabiana Filippi提供分享  facebook   Fabiana Filippi秋冬系列黑色褶襉連衣裙附腰帶，約52,200元。圖／Fabiana Filippi提供分享  facebook   精品女裝Fabiana Filippi麗晶店重新開幕。圖／Fabiana Filippi提供分享  facebook   Fabiana Filippi秋冬系列領口羽毛裝飾白色襯衫，22,800元。圖／Fabiana Filippi提供分享  facebook   Fabiana Filippi秋冬系列淺灰色喀什米爾羊毛大衣，19萬8,200元。圖／Fabiana Filippi提供分享  facebook   吳品萱以黑色褶襉連衣裙附腰帶52,200元，搭配黑色羽毛手拿包45,400元。圖／Fabiana Filippi提供分享  facebook   Fabiana Filippi秋冬系列巧克力色皮質長褲，77,000元。圖／Fabiana Filippi提供分享  facebook   "
"美心月餅台北快閃 買就有機會與「修杰楷」互動","/news/story/7270/3359649","鎖定台灣人對「流心餡」月餅接受度大增，香港美心月餅今年再度登台開設快閃店，升級質感包裝，並推出三大活動，完成拍照打卡抽美心月餅禮盒、港式下午茶，購買美心月餅還有機會在9月12日與一日店長修杰楷互動。
美心集團高級銷售經理葉灝渟觀察，台灣及香港月餅市場大不同，台灣競爭更加激烈，香港許多飯店近年開始加入流心月餅行列，目前香港人熱愛「楊枝甘露」夾心月餅；台灣本身就擁有許多餅舖老店，連不少咖啡店也加入行列，競爭更大，同時也觀察到台灣人對流心月餅愈來愈喜愛。
業者提到，根據尼爾森市場調查報告，美心流心奶黃月餅連續4年奪下香港奶黃月餅銷量冠軍，此次在台灣也推出全新「珍珠白」包裝，提升質感。其他新包裝禮盒還有「雙黃白蓮蓉月餅」、「雙黃蓮蓉月餅」，由香港設計師陳幼堅操刀，蘊含花好月圓含義。
今年美心月餅除了在7-ELEVEN、全家、全聯、JASONS及好市多等通路鋪貨，即日起至9月21日止於台北市府轉運站規畫快閃店，將廣告中溫馨場景、月兔及大型月餅造景搬進來，期間免費分發試吃之外，還舉辦3大遊戲活動，完成就抽大獎。
活動期間，與快閃店陳設拍照、公開上傳至個人臉書，並tag 「#中秋味道美心、#香港美心月餅快閃店」即可抽中秋節籤詩，有機會獲得美心月餅禮盒；於活動期間周五至周日下午2點至4點至快閃店，並按美心台灣官方粉絲團讚，同時完成前述打卡及tag，即可抽中秋節籤詩，並獲得一杯白咖啡。
此外，在美心快閃店購買任何美心月餅產品，即可獲得與藝人修杰楷互動的抽獎券，中獎者可在9月12日活動當天中午12:30公布名單。美心快閃店進駐台北市府轉運站，活動自即日起至9月21日止。記者沈佩臻／攝影分享  facebook   香滑奶黃月餅。記者沈佩臻／攝影分享  facebook   美心流心奶黃月餅無須加熱就有濃滑內餡，如想加熱則建議進烤箱12至15秒即可。記者沈佩臻／攝影分享  facebook   美心流心奶黃月餅。記者沈佩臻／攝影分享  facebook   美心香港師傅示範包餡、切餅，流出濃郁奶黃夾著鹹蛋黃。記者沈佩臻／攝影分享  facebook   "
"影／熱低壓+颱風來勢洶洶 賴揆赴氣象局關心動態","/news/story/7266/3359598","

台灣南、北部接連豪雨成災，行政院長賴清德今天(10日)下午特地到中央氣象局視察，聽取氣象報告。預報中心主任呂國臣指出，現在有一個熱帶性低氣壓在台灣周邊擾動，今天下午至明天上午將通過台灣南端，若明午前增強為輕颱，氣象局將立即發布海上陸上颱風警報。
另外「山竹」颱風持續增強向台灣靠近，不排除發展成為強颱侵襲台灣東部，山竹颱風14、15、16日影響台灣最劇，其中15日又會帶來最明顯的強降雨。賴清德表示，台灣近日承受的雨量已經非常非常多，勉勵相關單位做到正確預報、即時預報、全面服務三大點，來確保民眾人身、財產的安全，更呼籲多一分準備就能少一分災害，要各單位嚴陣以待。台灣南、北部接連豪雨成災，再加上熱帶性低氣壓與「山竹」颱風來勢洶洶，行政院長賴清德今天(10日)下午特地到中央氣象局視察，聽取氣象報告，並要求各單位嚴陣以待。記者謝育炘／攝影分享  facebook   "
"GU聯名Kim Jones最終回 蕭敬騰、鬼鬼搶先穿","/news/story/7270/3359356","
平價時尚的GU今年3月推出與Dior男裝設計師Kim Jones聯名系列，倍受消費者的青睞，而且熱門單品開賣之際幾乎是以秒殺速度完售。品牌因此決定在換季之時，將於9月14日正式販售最後一次的聯名款，而且全台僅限3地販賣，相當的搶手。
也正因為這系列兼具了經典、時髦和平價的特色，連金曲歌王蕭敬騰也迫不及待的在日前登場的「體育表演會」時，率先穿上彩色條紋Oversized針織毛衣登台表演。另外，人氣女星鬼鬼在即將前往參與時尚周活動的機場穿搭，也挑選了GU與Kim Jones聯名系列的休閒外套、內搭格紋長版襯衫洋裝，讓粉絲也大讚說「這套衣服超可愛！」品牌透露，觀察到上一波的聯名系列，牛仔單品相當的熱賣，因此在最終回的合作同樣提供了牛仔褲，但同時加入今年秋冬最流行的格紋元素，讓整個系列看起來更為實穿。
Kim Jones和GU最終合作系列採用了設計師愛犬Dexter和Lulu為形象設計，商品以寬版剪裁結合鋪棉材質與條紋、圓點設計，讓裏綿絨牛仔外套在秋冬多了一點活潑可愛的元素。男、女裝窄款牛仔褲、裏綿絨外套皆用合身的設計，展現不失活力的秋冬系列的新面貌。除了外套和褲子，Kim Jones也把他的兩隻愛犬設計於T恤、連帽外套上，另外延續上一次系列的概念，狗狗的布章也可自由依據喜好，利用熱度熨燙放置於胸前、手臂、或背部等，凸顯商品的變化性。GU表示此次系列數量少，因此僅限定Att 4 Fun、台中大遠百店與網路商店販售。蕭敬騰也迫不及待的在日前登場的「體育表演會」時，率先穿上GU聯名款彩色條紋Oversized針織毛衣登台表演。圖／摘自instagram分享  facebook   Kim Jones和GU最終合作系列圍巾。圖／GU提供分享  facebook   Kim Jones和GU最終合作系列女用登山鞋。圖／GU提供分享  facebook   Kim Jones和GU最終合作系列花朵印花襯衫，1,490元。圖／GU提供分享  facebook   Kim Jones和GU最終合作系列狗狗圖案連帽上衣。圖／GU提供分享  facebook   Kim Jones和GU最終合作系列設計領襯衫，890元。圖／GU提供分享  facebook   Kim Jones和GU最終合作系列色塊針織衫，1,490元。圖／GU提供分享  facebook   Kim Jones和GU最終合作系列合身窄管牛仔褲，1,290元。圖／GU提供分享  facebook   人氣女星鬼鬼的機場時尚穿搭，就挑選了GU與Kim Jones聯名系列的休閒外套、內搭格紋長版襯衫洋裝。圖／摘自instagram分享  facebook   Kim Jones和GU最終合作系列撞色針織衫。圖／GU提供分享  facebook   Kim Jones和GU最終合作系列圓領印花運動衫。圖／GU提供分享  facebook   蕭敬騰所穿搭的Kim Jones和GU最終合作系列條紋針織衫，1,490元。圖／GU提供分享  facebook   "
"抗議空汙法 老車自救會周五再北上抗議","/news/story/7266/3359270","網路上流傳一段影片，表示政府因為實施修正後的空汙法，要淘汰10年以上的汽機車，自救會預計9月14日要在台北集結抗議。環保署表示，政策沒有強制要淘汰10年以上的汽機車，只要符合排放標準就能上路；要優先淘汰的是汙染相對嚴重的老舊柴油車，且將輔導特種車輛調修，以符合環保署要求的排放標準。環保署長李應元下午召開記者會說明1、2、3期柴油車和特種車輛調修計畫。
這次老車自救會所邀請的抗議對象，包括特種車輛如遺體運送車、電子琴花車、廚餘車、垃圾車、水肥車、遊覽車、二行程、拖板車、拖吊車等等。
環保署空保處長吳盛忠表示，這些車輛上與專用貨車不太一樣，特種車輛有特殊的專用設備，環保署並未強制要求汰換，反倒是會做專案輔導，輔導業者車輛調修，以符合環保署要求的排放標準。
吳盛忠表示，環保署為了協助車主可以符合排放標準，推出多元的輔助方案；這次新增調修補貼，業者若到廠進行噴射幫浦、噴油嘴、引擎活塞調修，絕大多數都能符合環保署要求的排放標準，環保署可實報實銷，最高補助5萬元。
另外，若車主想要加裝污染防治設備，最高也能補助15萬元；第三，若想要購車，環保署也能輔助車主購車，利率2.595%，環保署利息補貼1%利息，貸款車主分為5年償還，若以購買11噸、2期車總價需要200萬估算，等於零利息。
吳盛忠強調，政府根本沒有要強制淘汰10年以上汽機車，眾多業者的心聲，就希望能夠補助調修，環保署也做出正面回應，提供調修補助；並非放寬原先的規畫標準，是多元補助車主調修，以符合環保署的規範。"
"馬國「右心寶寶」抵台準備手術 同鄉探視送上大紅包","/news/story/7266/3359137","出生就被發現左右心室顛倒、並患有先天複雜性心臟病的馬來西亞「右心寶寶」陳啟恩，上個月底二度抵達台灣，為將來的另一階段手術做準備，在台灣的馬來西亞商業及工業協會從機場接送開始給予幫助，還包了1萬8千元令吉（約新台幣13萬5千元）的紅包給陳啟恩，資助他的醫療費用。
馬來西亞商業及工業協會表示，陳啟恩在2016年5月出生時就被發現左右心室顛倒，並患有先天複雜性心臟病，就連脾臟肝臟等器官都長在異位，去年赴台就醫，順利完成第一階段心臟手術，今年8月31日他的母親帶著他再次抵台，準備到台大兒童醫院進行手術癒後的檢查和情況評估，也為將來的另一階段手術做預估和準備。
馬來西亞商業及工業協會表示，協會得知消息後，在理事長拿督劉康捷號召下，協會理事快速展開「溫馨動員」，從機場接送、準備餐盒到醫院探視，都給予陳啟恩母子最及時的行動支持，並贊助陳啟恩醫療費用。
馬來西亞商業及工業協會表示，陳啟恩將於10日住進台大兒童綜合醫院，協會成員昨天也冒著大雨到醫院探望，劉康捷讚揚陳啟恩是個「勇敢堅強的孩子」，大家紛紛祝福他要平安健康地長大。馬來西亞商業及工業協會成員探視「右心寶寶」陳啟恩，協會理事長拿督劉康捷(中間著西裝、戴眼鏡者)稱讚陳啟恩是個堅強的孩子。圖/馬來西亞商業及工業協會提供分享  facebook   "
"威力彩第107073期開獎","/news/story/7266/3359986","威力彩第107073期今晚開獎，第一區中獎號碼為33、24、36、10、22、31，第二區中獎號碼為05號。
實際中獎獎號以台彩公布為準。"
"男性18歲前有女乳症 醫：8成可能會好","/news/story/7266/3358974","

兒童肥胖的情形增多，很多國中小學男生每到穿 T - shirt 或上體育課的時候，就全身彆扭起來，家長細問才知道是因為胸部太大，長的像女性般，因為怕被同學笑，才不自在。醫師指出，事實上18歲以前有8成的人會逐漸變好，未變好又感覺不自在者，可以整型手術切除乳腺治療。
中國醫藥大學兒童醫院整型外科醫師陳信翰指出，會這樣，跟小朋友常過重，飲食西化及受環境荷爾蒙影響有相關性，臨床上常聽到病患抱怨怎麼減重、健身都沒有辦法讓激凸的胸部消失，主要是因為激凸有一部分的成因是乳腺或乳管的增生，這部分只有靠手術切除才能解決。
至於剩下的脂肪就需要配合抽脂，若還造成皮膚鬆弛，也還需要合併切除一部分皮膚組織才能讓胸部平坦。
但這麼多的步驟容易造成組織傷害較大，以往手術後常需要放置引流管，現在我們切除乳腺及抽除脂肪後會合併使用組織膠來止血，加速組織黏合，並不須要再增加另一個傷口放置引流管。
陳信翰說，男性女乳症臨床上須排除內分泌和腎臟、肝臟等疾病，以及藥物等的影響。12歲以前可以先調整生活形態，多做運動改善，若是都無效，可用抗女性荷爾蒙藥物來改善。但如果以上這些方法都無效，可以觀察到20歲後進行手術，切除乳腺，再搭配抽除脂肪及使用組織膠。徹底解決激凸的問題。兒童肥胖的情形增多，很多國中小學男生罹患男性女乳症。圖／中國醫藥大學兒童醫院。記者黃寅／翻攝分享  facebook   兒童肥胖的情形增多，很多國中小學男生罹患男性女乳症。圖／中國醫藥大學兒童醫院。記者黃寅／翻攝分享  facebook   "
"旅遊業自救 客製化攻高端客","/news/story/7266/3358406","深度旅遊成趨勢，有業者帶旅客跟飯店主廚到漁港標魚。 記者侯俐安／攝影分享  facebook   
近兩年陸客來台人次下滑，連帶影響國內住房率降低、觀光收入銳減，去年國旅也出現近五年首度負成長。旅遊業者近來逆勢操作，推出深度旅遊行程，主打「零件式」的客製化產品，轉為結合原鄉部落、地方文史組織，培養在地人解說，搶攻國內與港澳高端旅客。
根據觀光局統計，今年一至七月來台旅客，南韓減少百分之五點零四、港澳下滑四點六一，陸客雖比去年同期增加二點四四，但外界預估隨著年底選舉接近，下半年陸客人次恐難有起色。學者屢次呼籲，隨著自由行成趨勢，傳統旅行社應思考如何轉型，開發在地化行程。
旅遊業者近來嘗試推出各項「零件式」產品行銷，有別於過去一條龍包裝產品，強調可自由組合行程，交通、食宿、行程、當日票券等由旅客選配，燦星旅遊、易遊網等都已陸續推出這類客製化產品；旅客也能自己組團，四到六人就能出發。
寶獅旅行社總經理黃信川表示，深度旅遊核心價值是「在地」，背後最重要的就是「人」，旅遊不能再走過去過於觀光、制式化的老路，如何讓在地人與旅客真心接觸，已經成為遊程成功的關鍵要素。
"
"不畏同業搶市 吳昕陽看好信義、南西商圈愈多人來愈好","/news/story/7270/3359920","平日走一趟台北信義區，從市政府捷運站這頭走到台北101那頭，人潮川流不息，最新最具話題、最頂尖的品牌都齊聚在這。新光三越信義店在今年，可說從年頭到年尾，月月開新店。新光三越執行副總吳昕陽表示，不只現在，信義區未來肯定愈來愈精彩，信義區已是品牌前進台灣的指標，未來首發、首落地品牌就在信義區，這個趨勢不會改變，至少會走好幾年。日本人氣珠寶品牌AHKAH，全台首店信義A8 9/20開幕。圖／摘自AHKAH IG分享  facebook   
新光三越在周年慶前，全台改裝400櫃，全球首發、亞洲首店、美食名店超過140個新櫃登場，改裝投資超過10億。全台1～8月業績成長6%，信義店則開出兩位數高成長。吳昕陽指出，這三年信義四店變化很快，幾乎每一層樓都變得跟以前不一樣。現在A8 6、7樓共百櫃正進行十年來首度改裝，9月中下旬A9新餐廳陸續開幕，餐廳改完繼續改其他樓層，預計明年底前完成，信義四店定位與戰線大致底定。吳昕陽更直指，信義店厲害，全台（分店）就厲害。信義店的戰略地位與帶頭指標不言可喻。
不管是台北信義商圈或南西商圈，陸續都有更多百貨同業加入，吳昕陽表示，這樣愈多人來才愈好，如果信義區光有信義四店肯定不會像現在這麼好。他也提出，看商圈發展指標，可觀察附近的飯店多不多，代表不只有本地客也有觀光客。信義商圈或南西商圈，周圍都有許多飯店領導品牌，這也是新光三越台北兩大重點指標商圈。信義區A7接下來還有凱悅集團最頂級品牌「柏悅」、設計型精品飯店安達仕酒店（ANdAZ）兩大品牌進駐。
另一個吸客指標餐飲，新光三越信義店，光餐廳不含小吃街，品牌近60家，整個信義區餐廳粗估至少300家。信義A9餐飲改裝陸續開幕，並炒熱信義區餐酒館熱潮，館內20家餐廳家家都賣酒，日前開幕的WILDWOOD相較前身、業績成長4成，9/16開幕的橘色涮涮屋將結合ABRAZO BISTRO酒吧，6樓餐廳Maisen、兩班家、築地拓海、champbistro、老鼎旺、銀杏Packie川酒菜館於10月初開幕，7樓瓦城、初魚於10月中開幕。南西三館B1共20家餐飲品牌、7樓3家餐廳，將於9/25開幕。西班牙快時尚彩妝3INA，全台首店信義A8 9/15開幕。圖／摘自3INA IG分享  facebook   日本人氣女星渡邊直美監製的潮流品牌PUNYUS，即日起至9/30信義A11推出快閃店。圖／新光三越提供分享  facebook   信義A9的橘色涮涮屋將結合ABRAZO BISTRO酒吧，9/16開幕。圖／新光三越提供分享  facebook   "
"台北圓山飯店將迎俄羅斯踩線團 聯結蔣方良故事","/news/story/7266/3359087","圓山飯店新任董事長由交通部次長王國材兼任（代理）。記者蘇健忠／攝影分享  facebook   台灣敦睦聯誼會今天上午舉行新舊任董事長交接典禮，新任董事事長王國材致詞時，談到4個俄羅斯踩線團將來台灣，台北圓山飯店要聯結也是俄國人的故總統蔣經國夫人蔣方良故事。
台灣敦睦聯誼會組織下有台北圓山飯店與高雄圓山飯店。原敦睦聯誼會董事長張學舜接任台北101董事長，遺缺由交通部次長王國材暫代。
台北及高雄圓山飯店協助政府推動觀光，開發多元化旅遊市場，促成4個俄羅斯踩線團9月、10月來台灣，第一個晚上都將住宿台北圓山飯店。
王國材今天致詞時，感謝卸任董事長張學舜打先鋒，爭取俄羅斯踩線團來台灣，並提到俄羅斯有1.4億人口，每年約有4000萬人次出國旅遊，但來台灣的才9000多人次，是未來值得開發的市場。
王國材說，俄羅斯與台北圓山飯店有故事聯結，因為蔣方良女士就是俄國人，圓山飯店迎接俄羅斯踩線團時，會融入台北圓山飯店的歷史地位與豐富故事，除蔣方良外，還有包括先總統蔣中正夫人蔣宋美齡，與早年曾參與管理圓山飯店也是蔣宋美齡外甥女的孔二小姐。
王國材說，他只是短暫接任敦睦聯誼會董事長，盼先做三件事，第一是解決公共運輸接駁問題，他會和高雄市政府討論電動公車接駁衛武營捷運站與高雄圓山飯店的可行性；日前也與台北市政府討論在圓山捷運站設立接駁車站牌，讓搭乘的客人能更迅速找到位置。
其次是推動台北圓山飯店及高雄圓山飯店形象及數位轉型，台北圓山飯店從日本神社時期至今，有許多國家元首、政要下榻，除保留圓山飯店的歷史、文化價值，還應注入現代元素，迎合各年齡層旅客在住宿與用餐環境上需求。
王國材表示，將透過大數據分析、AI、網路平台加強飯店管理與宣傳行銷，提升台北圓山飯店及高雄圓山飯店在世界的能見度，吸引世界各國的旅客前來，同時也要推動兩天一夜新台幣8000元國旅平價套裝行程，吸引國旅卡使用者，例如結合高雄圓山大飯店住宿與澄清湖的休閒活動。
王國材肯定張學舜過去兩年，為台北圓山及高雄圓山飯店做了很多創新。
王國材也稱讚張學舜任內締造了優異的營業績效；例如，2016年甫上任就力拼第四季逆勢成長轉虧為盈，2017年更締造新佳績，創下15年來的獲利新高。"
"「樂高雄」桌遊撩人 高雄款FB小編失控爆雷","/news/story/7266/3358833","只怪「樂高雄」桌遊設計太時尚！高雄款臉書小編今(10)天搶先發佈高雄市政府新聞局新開發的「樂高雄」桌遊開箱文，大讚紫色的外盒設計時尚堪比潮包，不但透露贏得桌遊的秘訣就是報名桌遊爭霸賽，還差點失控爆雷尚未公布的電玩音樂趴卡司！ 
新聞局長張家興表示，「樂高雄」桌上遊戲由新聞局和瘋桌遊合作開發，「樂高雄」名稱取Love Kaohsiung的諧音，是第一款以建設大高雄為主題設計的反應類型桌遊，以向量建築及簡約對比的插畫風格，呈現大高雄近10年來的翻轉，玩家藉由收集各種資源，把過去的高雄建設成現在的高雄。 
新聞局更下戰帖廣邀玩家9月30日下午2點，在捷運美麗島站光之穹頂參加「玩樂高雄桌遊爭霸賽」，張家興強調，當天贏家大獎就是「樂高雄」桌遊，而且每桌一套，現場參賽或試玩的玩家，都有機會抽中10月6、7日的「High!高雄電玩音樂趴」門票。 
對於活動還沒開跑，高雄款FB小編搶先發佈桌遊開箱文，張家興笑說，早先拿到「樂高雄」桌遊時，就忍不住好奇撥空研究秘笈（遊戲說明書），所以了解小編們的興奮，他開玩笑說，還好這篇開箱文有模有樣，不然就要小編們開發另一款桌遊賠償。至於電玩音樂趴卡司有哪些？張家興說，明(11)天記者會公布。 
「樂高雄」桌遊共有20個建設任務景點，包括：最夯的景點棧貳庫、衛武營、崗山之眼、月世界地景公園，年輕人必逛的駁二、亞洲新灣區各項建設，還有台灣現存最大規模的鳳儀書院修復、旗津海岸景觀復育以、高雄輕軌建設等。樂高雄桌遊全貌。照片／高市府提供分享  facebook   "
"來這裡散步 走一萬步可換禮券","/news/story/7270/3358528","近兩年美國吹起至購物中心散步、健走的熱潮，美國疾病管制署還曾推出「購物中心健走指南，，夢時代將這股運動新風潮引進高雄，至10月3日止，參加「夢時代全館健走中」活動，即可獲得BEING sport課程免費體驗券4張及inbody身體檢測券2張，鼓勵民眾維持健康好習慣，集滿1萬步可兌換百元夢時代禮券、累計三萬步加贈100元、累計7萬步再加贈200元，活動期間完成20萬步，再加碼1千元，最高可兌換1400元禮券。
推廣Mall Walking的概念，夢時代與統一佳佳聯手合作，民眾到BEING sport報到、領取活動集張卡，健走過程需至6個指定地點完成集章，完成後返回BEING sport結算當日步數，達到活動門檻即可兌換夢時代禮券。
夢時代除了準備價值達20萬元的獎品鼓勵民眾到購物中心健走以外，也分別於9月22日、29日的下午3點半安排營養學及健身觀念講座，9月每周六晚上8點至10點在夢想廣場上舉辦世界舞蹈體驗課程。
夢時代表示，已有上百位民眾至BEING sport報名參加，有3成的民眾已領到第一階段的達標獎勵，來購物中心健走，不僅不受到天氣或空氣汙染的干擾，室內光線充足、路面平坦，行走的空間動線相對戶外安全，提供休憩的空間、廁所、飲水機、餐飲設施，甚至還有簡易的醫療設備等，夢時代已取得衛生福利部的安心場所認證，整體對民眾而言，是個非常適合健走的友善環境!
夢時代推室內健走運動，集滿一萬步可兌換百元夢時代禮券。記者謝梅芬／翻攝分享  facebook   "
"南韓MERS現蹤 疾管署：未提升旅遊警示","/news/story/7266/3359395","
南韓衛生單位8日確診一例中東呼吸症候群（MERS），9日宣布將MERS疫情預警級別，由第四級調升至第三級，有21人居家隔離。
南韓8日公布個案，是當地一名61男子，該男子今年8月16日至9月6日於科威特出差，7日搭乘阿聯酋航空經杜拜轉機返回首爾。出差期間曾因腹瀉，在科威特當地醫院就診，但返國途中因症狀持續，抵達仁川機場後即前往三星首爾醫院接受隔離治療。由於男子有發燒、咳痰及肺炎症狀，經醫院通報轉收治於首爾大學附屬醫院後確診。
疾管署副署長莊人祥說，由於該個案已經住院治療，相關接觸者也已居家隔離，應不至於爆發疫情，民眾旅韓不用擔心，我國也未提升南韓的旅遊警示。
不過，由於中東是MERS的流行區，民眾若前往中東地區應避免接觸駱駝或生飲駱駝等動物奶，如非必要避免前往當地醫療院所，並養成勤洗手、戴口罩等良好衛生習慣。"
"去年客座一位難求！紐約二星超man主廚再度登台秀藝","/news/story/7270/3359587","
台北美福飯店GMT義法餐廳去年邀請紐約二星主廚Ronny Emborg來台客座，5天活動一位難求，獲得不少饕客好評。為了讓饕客能再次品嘗其料理，今年再度邀請Ronny Emborg來台客座，推出6道、8道式套餐，最低3,800元起，9月底前預訂再享有9折優惠。
丹麥籍主廚Ronny Emborg，2002年在丹麥嶄露頭角，2007年被譽為丹麥最佳主廚，曾擔任丹麥女王的御廚，也曾在西班牙米其林三星餐廳El Bulli任職，資歷相當豐富。Ronny Emborg所主持的紐約餐廳atera，以新北歐料理風格在紐約立足，自2015年開幕以來，已連續3年拿下米其林二星榮耀，他所做出的料理，更被餐飲界稱為感官覺醒的饗宴。
台北美福飯店GMT義法餐廳去年曾邀請Ronny Emborg來台客座，5天活動一位難求，深受不少饕客好評。今年再次受邀客座，這次他使用多項台灣食材為主軸，像是亞洲帝王蟹配番茄，或是使用花枝入菜，用清湯帶出海鮮甜美鮮味，展現他去年在台灣所體驗到的風味。
此外，Ronny Emborg也帶來「北歐版」墨西哥的紅燒豬肉料理，芭蕉葉裹豬肉，加入醃漬洋蔥及微酸檸檬，在微涼秋天品嘗更是別有一番風味。同時選用美國Prime等級的牛里肌部位，搭佐頂級松露及新鮮香芹，軟嫩口感配上松露特殊香氣，美味令人難以抗拒。
台北美福飯店表示，此次活動為10月31日到11月4日，包含有6道式午間套餐、8道式晚間套餐，價位分別是3,800元、5,800元，若再搭上美酒，則分別是5,000元及7,000元，即日起到9月底以前預訂者，可享有早鳥9折優惠。
聯合報提醒您：開車不喝酒、未成年請勿飲酒！花枝手工麵佐蝦味清湯。圖／美福飯店提供分享  facebook   Ronny Emborg以新北歐料理風格為主軸。圖／美福飯店提供分享  facebook   丹麥籍主廚Ronny Emborg去年客座一位難求，今年再度受邀來台客座。圖／美福飯店提供分享  facebook   "
"俗氣腰包不退流行 蔡依林、游宇潼搶背秋冬新款","/news/story/7270/3359569","在流行趨勢的輪迴下，許多上個世紀的熱門單品又隆重回到時尚舞台，其中紅了好幾季的「腰包」可說是這波復古熱潮的天王，今年秋冬許多品牌依舊繼續推出新款腰包商品，從街頭率性到華麗裝飾風格一應具全，滿足更多消費者。
華麗公主風
Roger Vivier秋冬系列靈感來自造型與行事風格都有滿滿個人特色的時尚傳奇教主黛安娜佛里蘭（Diana Vreeland），融合強悍與優雅，更將經典方釦結合六○年代興起的摩德文化（Modernism，簡稱Mod），打造帥氣混搭女人味的水鑽釦飾腰包，為中性風妝點一絲奢華貴氣。
MIU MIU則是將甜美特質揮發到極致，以金、銀、黑、粉紅亮片打造4款不同色調但同樣高調閃亮的亮片腰包。另外，以經典褶皺小羊皮打造的腰包，同樣推出金、銀兩色。
街頭率性風
Balenciaga近日推出世界糧食計劃署WFP(World Food Programme)商品，包含腰包、帽子、T恤等等，此系列的誕生起因於品牌藝術總監Demna Gvasalia幼時受過該組織的幫助，「世界糧食計劃署在我無處可居的12歲時為我提供食物，他們使用直升機把麵包、穀物等送到山中。聽起來像是好萊塢的故事，但它是真實的。」Demna Gvasalia透露。
即日起到2019年2月1日，每售出帶有WFP商標的產品，Balenciaga將捐出零售價格的10%捐贈予WFP。此外，品牌也已經向WFP捐贈25萬美元，支持其在全球拯救、改變生命的使命。
PRADA經典尼龍腰包，推出雙層拉鍊和單層拉鍊款，率性有型又方便收納。KARL LAGERFELD早秋也推出鉚釘款和Q版拉格斐腰包，也是以黑色調滿足百搭實用需求。
復古淑女風
Valentino秋冬圍繞著浪漫主義，各種顏色的巨型花朵成了服裝上的重點設計元素。腰包也利用品牌經典的鉚釘搭配花朵印花，注入優雅柔美情懷。Gucci的Ophidia系列Logo腰包，則是主打小巧復古的古著風格。
Prada將帶有書卷氣息的Cahier包款變成腰包，鉚釘裝飾搭金屬鍊帶，腰包、肩背、手拿三種用法超方便。Marc Jacobs早秋推出就賣到快缺貨的Hit Shot包款，同樣有三種用法，附有可拆式腰帶與金屬鍊帶，可以隨意變換使用，秋冬新色從沉穩的藍到亮麗桃紅等，搭配撞色寬腰帶，非常搶眼。粉色亮片腰包，37,000元。圖／MIU MIU提供分享  facebook   可當腰包和肩背包的Hit Shot包，15,900元。圖／Marc Jacobs提供分享  facebook   Gucci的Ophidia系列Logo腰包，主打小巧復古的古著風格，價格店洽。圖／Gucci提供分享  facebook   銀色小羊皮抓皺半圓形腰包，37,000元。圖／MIU MIU提供分享  facebook   鉚釘裝飾Cahier金屬鍊帶腰包，60,000元。圖／PRADA提供分享  facebook   WFP藍色腰包，26,600元。圖／Balenciaga提供分享  facebook   VLTN Logo鉚釘腰包，48,800元。圖／Valentino提供分享  facebook   游鴻明女兒游宇潼配戴Roger Vivier水鑽釦飾腰包出席活動。圖／迪生提供分享  facebook   蔡依林配戴Gucci的Ophidia系列Logo腰包。圖／聯合報資料照分享  facebook   KARL LAGERFELD Q版霹靂腰包，9,980元。圖／Weng Collection提供分享  facebook   印花鉚釘腰包，64,500元。圖／Valentino提供分享  facebook   可當腰包和肩背包的Hit Shot包，15,900元。圖／Marc Jacobs提供分享  facebook   Roger Vivier水鑽釦飾腰包59,900元。圖／迪生提供分享  facebook   KARL LAGERFELD LOGO STUDS真皮卯丁腰包，17,800元。圖／Weng Collection提供分享  facebook   經典尼龍腰包(雙層拉鍊款)，20,500元。圖／PRADA提供分享  facebook   "
"暴雨狂炸全台 防淹水「堵縫神器」業績翻了1.1倍","/news/story/7266/3358707","這個周末的午後暴雨，北部地區降下「洩洪級暴雨」，瞬間強降雨使得排水系統短暫失靈，經濟部水利署更罕見對北市12行政區都發布淹水警戒，捷運東門站旁的地下道，甚至傳出一度淹水深達1公尺，而台灣近半個月來頻傳的水災，卻也讓網購平台近期的防淹水和災後清潔相關商品業績至少成長八成，其中可防止門窗進水的「堵縫神器」更是翻了1.1倍。
日前南部淹水災情還記憶猶新，沒想到台北也開始淹，讓台灣各地都拉起警報，事實上近半個月來由於連日豪雨，各地陸續傳出淹水災情，民眾都紛紛上網搜尋購買防淹水、災後清潔的相關商品，
愛合購表示，平時業績平淡的防洪、防淹水商品，近半個月來業績大幅成長，銷售最突出的是門窗密封條、填縫條，因為可預防門窗縫隙進水被稱為「堵縫神器」，這段時間業績至少跳了1.1倍。另外，因水災帶來的泥沙淤積不易清潔，可噴射高壓水柱的「加壓型水管」近期也相當熱賣。
根據氣象局的資料顯示，由於本周仍有午後雷陣雨，就怕急促暴雨又釀災情，愛合購建議，居家應急可以先從預防門窗進水做起，除了堵縫神器外，若要美觀也可以選購壓克力填縫膠補強。低樓層民宅防止木質傢俱泡水，輕量型桌椅可以選購傢俱腳墊增高，如果是大型衣櫃或可使用一整片防水墊墊高，都多少能避免木材浸水泡爛。
此外，愛合購也提醒，電器用品近日盡量要往高處放或收到櫃子裡，避免進水毀損，較低的插座則最好用加裝插座防水蓋。平時業績平淡的防洪、防淹水商品，近半個月來業績大幅成長，銷售最突出的是門窗密封條、填縫條，因為可預防門窗縫隙進水被稱為「堵縫神器」，這段時間業績至少跳了1.1倍。 愛合購/提供分享  facebook   "
"蔡依林愛牌 The Blonds把壞皇后請上台","/news/story/7270/3359088","隨著萬聖節腳步到來，迪士尼反派越來越受到歡迎。繼之前由迪士尼自家推出的2018反派系列商品之後，美國時尚品牌The Blonds在最新發表的2019春夏系列中，也攜手迪士尼反派們推出Disney Villains x The Blonds，繼續炒熱暗黑時尚風潮。
The Blonds在最新發表的2019春夏系列中，攜手迪士尼反派們推出Disney Villains x The Blonds，繼續炒熱暗黑時尚風潮。圖／摘自IG分享  facebook   
The Blonds在最新發表的2019春夏系列中，攜手迪士尼反派們推出Disney Villains x The Blonds，繼續炒熱暗黑時尚風潮。圖／摘自微博分享  facebook   
Disney Villains x The Blonds從設計到秀場都充滿邪惡風格，小美人魚的烏蘇拉、睡美人的黑魔女、白雪公主的壞皇后等等，都是這場秀的主角，可以看到許多呼應人物造型的配色像是紫、黑、紅，其他像是毒蘋果、皇冠、紅心元素也都能在服裝或配件上看到。更特別邀請了同樣喜愛迪士尼的名媛派瑞絲希爾頓（Paris Hilton）來走秀，化身101忠狗的庫伊拉，充滿舞台效果。
The Blonds邀請名媛派瑞絲希爾頓（Paris Hilton）來走秀，化身101忠狗的庫伊拉，充滿舞台效果。圖／摘自Twitter分享  facebook   
The Blonds是來自紐約的品牌，由雙人設計師Phillipe Blond與David Blond共同創立。以誇張華麗又銳利的設計風格聞名，大量使用亮片、寶石，台灣流行天后蔡依林多次選擇他們家的服裝作為宣傳服，蕾哈娜、瑪丹娜、麥莉希拉等人也都是品牌愛好者。
蔡依林多次選穿The Blonds作為專輯宣傳服。圖／華納音樂提供分享  facebook   蕾哈娜也是The Blonds粉絲。圖／摘自微博分享  facebook   瑪丹娜也是The Blonds粉絲。圖／摘自IG分享  facebook   麥莉希拉也是The Blonds粉絲。圖／摘自pinterest分享  facebook   "
"亞培6產品下架 北市稽查開罰","/news/story/7266/3359057","衛福部食藥署要求亞培六款問題產品昨下午5時前全數下架完畢。 記者陳靖宜／攝影分享  facebook   
亞培安素變質案事件擴大，衛福部食藥署要求亞培六款問題產品昨下午5時前全數下架完畢，台北市衛生局參議王明理今表示，衛生局昨天派16名稽查人員在北市25處具代表性通路、賣場、藥局等進行抽查，頂好同安分公司仍有6罐亞培原味安素陳列架上，業者若沒有完全執行下架，北市衛生局將開罰。
食藥署食品組副組長魏任廷魏任廷表示，亞培共有20多種產品，市占率極高，影響層面大，亞培高層昨天應食藥署要求，至食藥署親自說明下架狀況以及產品品質。對多項產品出現結塊、變質，亞培高階主管回覆，正深入調查中。
魏任廷指出，食藥署要求亞培必須在一周內提出完整報告，台北市衛生局也全面抽驗亞培所有品項產品，檢驗衛生標準，檢驗報告預訂1至2周內出爐。
北市衛生局參議王明理表示，目前衛生局針對亞培擴大到29款產品都需抽驗，預計一周後發布抽驗結果。至於上述六款已下架產品何時才能恢復販售目前並無確認時程，須待產品完全符合食品安全標準才可上架。
針對頂好同安分公司亞培原味安素未完成下架，業者初步說明是分店店員交接班不清楚造成，導致問題產品未下架完畢，衛生局本周會請業者到市府說明，也將依《台北市食安自治條例》開罰頂好同安分公司3萬元以上、10萬元以下罰鍰。
北市衛生局指出，截至昨天，亞培相關六項問題產品「亞培原味安素」、「腎補納」、「普寧勝」、「管灌安素」、「健力體」、「愛美力ＨＮ」等六款產品不限批號，總計已下架約260萬罐。
有媒體報導亞培葡勝納、小安素、倍力素等三款產品也有問題，王明理今天表示，上述產品分別來自不同國家，且都領有衛福部食藥署「特定疾病配方食品」核備函字號，進口時皆有相關簽審文件，且該項產品客訴占比未超過異常值，衛生單位也沒有接到具體客訴，因此上述三款產品無需預防性下架，民眾無須過度擔心。
"
"轉型深度旅遊 業者盼政府當推手","/news/story/7266/3358408","有旅行社帶旅客前往東海岸公路旁的都歷部落體驗捲菸。記者侯俐安／攝影分享  facebook   
近年觀光業不斷推出深度旅遊，但如何深入原鄉及在地組織，成為最大挑戰。業者指出，過去旅遊業者都喜歡「景點」，但推動深度旅遊更重要的是「在地」、「職人」，政府手上有很多資源，卻不知道業者想要的，地方政府如何媒合與行銷成為關鍵。
業者表示，旅遊行程要進入地方或原鄉，如何獲得在地、部落認同很重要，有的「體驗」行程已過度觀光化、制式化，難以打動人心，但還未成熟的地點，需要與在地人搏感情，不斷討論出符合當地原貌又能吸引旅客的方式。
也有業者說，廿、卅年前一天要排十多個景點，但隨著生活環境與條件改變，旅遊業若仍是蜻蜓點水、跟隨爆紅景點安排行程，不轉型就等著被淘汰。
觀光局長周永暉表示，客製化行程已逐漸成為旅遊趨勢，旅行社近兩年轉型從過去例行性行程到深入在地，已可看見成果。觀光局將協助旅行社、地接社更密切合作，並與航空業、雙鐵搭配串接。他認為，港星馬是未來重點對象，也期盼旅行社能推出更多一、兩日遊，讓來台自由行旅客搭配。
"
"反駁天災臨工處理沒效率 勞部：認知差異所致","/news/story/7266/3359709","
823豪雨重創南台灣，行政院長賴清德南下勘災時，承諾將啟動天災臨工措施因應，但嘉義縣政府卻表示，8月底就已更新用人需求，迄今卻仍苦等不到政府指示確切上工日期。對此勞動部今天澄清表示，9月初勞發署雲嘉南分署收到縣府公文時，當天就已立即核定，應是認知上的問題，有疏漏之處將虛心檢討。
勞動部表示，823豪雨侵襲釀災，勞動部啟動天災臨工措施，發給擔任臨工的民眾每人每小時140元臨時工作津貼，每月最高可申請176小時，以協助儘早重建家園。目前已核定臺南市、嘉義縣、嘉義市、雲林縣、高雄市及屏東縣等6縣市共2670個天災臨工名額，並陸續上工中。
不過嘉義縣政府勞工行政科表示，縣府9月初正式發公文給勞動部，但勞動部回函僅預定9月中上工，確定日期尚未通知。當地鄉公所也怒轟，災後復原包括泡水家具、水溝清理、登革熱防治等，都亟需人力投入，但公所只接到口頭通知、統計人力需求，沒有一紙公文說明何時執行、工作細節、時數統計、認定，誰敢先派工？
勞動部表示，勞發署雲嘉南分署已在8月27日詢問嘉義縣政府臨工需求，縣府也在8月31日先提報用人需求員額1636人及初步計畫內容。9月6日縣府提報用人計畫時，雲嘉南分署當天立即發文，並如數核定需求員額。
勞動部也說，雲嘉南分署從8月28日起受理臨工登記，截至今天下午2時，已認定嘉義縣地區符合資格的臨工計523名，並送嘉義縣政府運用，其中大埔<U+9115>公所9月10日已有20人上工。
勞發署就業服務組組長陳世昌表示，天災臨工因為事關緊急，公文上通常不會敘明何時上工，只要報名的民眾資格通過審查，就職中心就可將核定名單提供給縣府，作為立即人力。他也指出，根據公文時間在上周四核定，今天是周一，勞動部處理時程上並沒有耽擱，應是雙方認知有些許落差，後續將檢討。嘉義縣海區許多村落、街頭，堆放大量災民清理出的淹水家具、垃圾。記者卜敏正／攝影分享  facebook   "
"中秋節怕塞車 交通部教你搭公運返鄉","/news/story/7266/3359096","交通部呼籲民眾多搭乘公共運輸工具，以緩解國道車潮。 圖／聯合報系資料照片分享  facebook   今年中秋3天連續假期從22日至24日，預估天氣狀況良好下，將有大量出遊車潮湧上國道，部分路段壅塞難避免，交通部路政司指出，為協助中秋疏運，這次公共運輸皆提升運能，民眾可多利用公共運輸少開車，必須開車的民眾就多行駛替代道路。
路政司表示，服務西部運輸的高鐵公司運能會提升13.3％，視實際狀況增加自由座車廂數及臨時增開北上全車自由座班次；服務東部為主的台鐵局，全線運能較平日增加10.7％，每日開行樹林=花蓮及七堵=嘉義區間快車，東線普悠瑪號與太魯閣號發售限量8折站票，並於中秋連假前一日、收假日，分別開行台北=花蓮及台北=台東紅眼列車，提供7折優惠。
國道客運部分，西部規畫每日平均開行1萬1000班次，東部每日平均開行1800班次，持續實施「國道客運票價優惠及公共運輸轉乘優惠措施」，共計88條路線平均優惠約為原始票價85折；台灣好行42條客運路線電子票證半價，另使用電子票證搭乘國道客運、台鐵局及高鐵公司後，轉乘在地客運，將提供基本里程或一段票免費優惠。
離島航運部分，空運以服務離島航線為主，平均每日提供架次數及座位數較2016年中秋連續假期增加約5％及0.2％；海運亦規畫提高運能，視天候狀況需要啟動ABC應變計畫。觀光部分則持續推動「Train-Bus台灣觀巴旅遊護照」及「台灣觀巴高鐵聯票」等優惠套裝旅遊行程。"
"核一核安演習實兵演練 本周末登場","/news/story/7266/3359309","
核安第24號演習實兵演練將於9月14日至15日在核能一廠及鄰近地區舉行，原能會今天說明演習規畫，原能會副主委邱賜聰表示，今年報名觀摩國際外賓有25人，顯見核安演習已獲國際重視及肯定，預計參與民眾、學校師生及相關機關應變人員逾5000人。
原能會表示，9月14日規畫項目包含核能一廠機組搶救演練、輻傷醫療演練、緊急應變計畫區內中小學辦理核安防護教育及預防性疏散示範演練。15日周六規畫民眾防護行動演練、輻射偵檢作業及防護站演練等項目。這次演習參演單位計有新北市政府、國軍支援中心、輻射監測中心、台北市政府、台電公司及核能一廠。
原能會表示，9月14日核能一廠從白天到黑夜執行廠內機組搶救演練，當核能一廠員工受傷並有輻射汙染時，結合台北區緊急醫療應變中心、新北市政府及台北市政府辦理傷患後送之輻傷醫療作業，當天上午於核能一廠緊急應變計畫區範圍之中小學校辦理核安防護教育及師生預防性疏散示範演練。
9月15日於白沙灣海水浴場執行遊客勸離示範演練，接續進行多元訊息通知、民眾室內掩蔽、環境輻射監測、無人機災防應用及防護站開設等。
原能會表示，這次演習增列抽演科目，包含交通路障管制疏導、國軍履帶機動橋搭建、陸域輻射偵測數據即時回傳及環境檢測作業等項目，於適當時機下達動員命令，以展現政府面對災害的應變能力。
原能會提醒，9月15日上午10時30分將在核能一廠緊急應變計畫區內發放核子事故警報、手機簡訊及電話通知，同時透過災防告警細胞廣播訊息服務（CBS）進行新北市全區通知，請聽到警報或透過手機簡訊、室內電話、電視媒體等，得知演習訊息的民眾，不用驚慌。"
"連合格英語老師都聘不到！偏鄉憂新住民語更缺師資","/news/story/7266/3360349","
明年8月越、泰、柬、印尼等7種東南亞新住民語文，將和原住民語、閩南語、客語同列小學生必選科目，只要有學生選，學校就要開課，第一年先從小一開始教。
為避免部分偏鄉小校初期聘不到合格師資，教育部除鼓勵多校合聘或線上直播共學，最近也公告修改辦法，規定新住民語支援教學若找不到經研習認證的合格師資，得聘任具語文專長的新住民或相關人士擔任。
不過，部分偏鄉小校擔心，學校連開正式英語教師缺都沒人來，更何況新住民語鐘點教師每節課才320元、每周才上1節課，恐不足以吸引合格師資任教，屆時許多新住民二代恐被迫改學閩南語等本土語文；資深越語教師則提醒，會講新住民語，不見得會教，師資應寧缺勿濫。
新北市瑞芳區鼻頭國小校長陳玉芳指出，該校有16名小學生，約1/3是新住民二代，以母親講越語、父親講閩南語為主。她表示，小一每周才上1節新住民語，為了區區320元鐘點費，要合格師資花兩三小時的交通時間，大老遠到偏遠學校任教，誘因實在不足。
陳玉芳說，不只新住民語，原住民語的師資同樣不足，有阿美族的學生，因學校實在聘不到師資，最後只好學閩南語。甚至連師資應該很充足的英語教師，對偏鄉小校也是可遇不可求。
陳玉芳以鼻頭國小為例，今年好不容易開出一個正式英語教師缺，但透過新北聯合教甄，正、備取都沒人填該校，最後只能聘到非英語系畢業、沒教師證的代理教師，教學經驗或許不足，但更有教學熱忱，願意待在偏鄉。
陳玉芳感嘆，連英語教師都不想來，更何況是新住民語鐘點教師。政府或許應更務實，新住民語教學若透過寒暑假營隊密集上課、沉浸式教學，說不定比每周只上一節課還有效。
雲林大埤鄉仁和國小校長洪千惠則指出，該校有53名學生，約15%是新住民二代，校方一直鼓勵越南、柬埔寨新住民媽媽去受師資訓，但她們除要照顧小孩、料理家務，往往還要下田工作，心有餘而力不足。未來若能開放有潛力的新住民媽媽加入教學，讓她們及孩子都更有自信、能自我認同，樂觀其成；透過多校直播共學，也是可行方式。
不過，長期在中小學及社區大學教越語、輔導新住民學生的張婉貞提醒，教師是種專業，除需要教學技巧，也有其人格特質，會講越語，跟會教越語，是完全兩碼子事。不會教的，一上台甚至還會發抖，更何況要教一個原本就坐不住的小一生，即使線上教學效果也很有限。師資應寧缺勿濫，「不能隨便就找一個婆婆媽媽或只是懂越語的通譯來教！」
但張婉貞還是感謝政府用心，環顧全球，大概只有台灣把東南亞新住民語言列入課綱。不過她仍提醒，教室講台不是實習的舞台，政府仍應提供更多誘因，讓偏鄉小校共聘合格教師來教新住民語。明年8月7種東南亞新住民語文，將列小學生必選科目，部分學校已試辦教學，師資不足是未來隱憂。本報資料照分享  facebook   "
"天候影響 船運今34航次停航","/news/story/7266/3358774","交通部航港局指出，受天候影響，今天（10日）共有8航線，計34航次停航，細節如下。
1.基隆-馬祖：部分停航(停航1航次；原則上開航1航次，今日上午11時公告)。
2.馬祖福澳-福州馬尾：全部停航(2航次)。
3.南竿-東引:全部停航(1航次)。
4.臺中-平潭：全部停航(2航次)。
5.布袋-馬公: 全部停航(4航次)。
6.富岡-綠島：部分停航(開航2航次、停航10航次)。
7.富岡-蘭嶼：全部停航(6航次)。
8.後壁湖-蘭嶼：全部停航(8航次)。"
"南韓有MERS個案 疾管署：旅韓不需擔心","/news/story/7266/3358961","南韓再現中東呼吸症候群冠狀病毒感染症（MERS）個案。（美聯社）分享  facebook   
南韓再現中東呼吸症候群冠狀病毒感染症（MERS）個案，疾管署副署長莊人祥說，該個案到過中東，研判為境外感染，且一下機就就醫，南韓應不至於爆發疫情，民眾旅韓不用擔心。
目前MERS疫情多發生在中東地區，衛生福利部疾病管制署副署長莊人祥說，民眾若前往中東地區應避免接觸駱駝或生飲駱駝等動物奶，如非必要避免前往當地醫療院所，並養成勤洗手、戴口罩等良好衛生習慣。
南韓衛生單位日前公布1名MERS確診個案，為61歲南韓籍男性，是自2015年以來，南韓再次出現確診個案。2015年時，南韓共186例確診，其中38例死亡。
莊人祥表示，該名南韓個案今年8月16日至9月6日於科威特出差，9月7日搭乘阿聯酋航空經杜拜轉機返回首爾，抵達仁川機場後，即前往三星首爾醫院，並接受隔離治療。
莊人祥說，南韓已成立應變小組，且此案的因應速度很快，不僅個案下機立即就醫，相關接觸者也立即居家隔離嚴密監控，應不至於發生疫情擴散及社區傳播風險。經評估個案感染地應為科威特。
MERS主要傳染途徑為接觸或吸入患病駱駝的飛沫或分泌物而感染，人傳人案例且群聚均發生於醫院或家庭，都有密切接觸（如照顧病患）。
主要症狀包括發燒、咳嗽與呼吸急促等，另有部分病患可能出現噁心、嘔吐、腹瀉等腸胃道症狀。感染者胸部X光通常會發現肺炎，部分重症則出現急性腎衰竭、心包膜炎、血管內瀰漫性凝血等併發症，死亡率約35%。
莊人祥表示，評估目前國內感染風險低，將持續關注南韓疫情，並加強來自中東地區航班檢疫。目前MERS疫情主要集中於中東地區且疫情持續，以沙烏地阿拉伯最多。另今年迄今曾發生境外移入個案國家包含馬來西亞、英國及南韓，皆有中東地區旅遊史，且均為零散發生的個案。
疾管署目前針對國際間MERS旅遊疫情建議，沙烏地阿拉伯列為旅遊疫情建議第二級警示（Alert），伊朗、約旦、科威特、阿曼、卡達、阿拉伯聯合大公國列為第一級注意（Watch）。
莊人祥表示，民眾若前往中東地區，返國後14天內如出現發燒、腹瀉或急性呼吸道等不適症狀，應配戴口罩儘速就醫，並告知旅遊史。"
"做包租公婆 台南市府：出租屋頂設太陽光電相當免電費","/news/story/7266/3358942","
台南市響應經濟部以「民眾零出資、政府零補助」的方式推動「綠能屋頂全民參與」推動計畫，目標全台109年累計達成3GW裝置容量，率先提出今年達成1000家綠能屋頂及裝置容量10ＭＷ的設置申請的目標，展現積極推動綠能屋頂決心。
台南市政府經濟發展局主秘王俊博表示，「綠能屋頂全民參與」方案將由市府遴選適當營運商來協助民眾設置屋頂太陽光電系統，有意願設置綠能屋頂的屋主，可免出資將屋頂「出租」給營運商參與改造，而營運商長期維運達20年，提供至少10%躉購費率回饋金給民眾；另外回饋3%的躉購費率給地方政府，以成立綠電發展基金來支持綠能及鄰里建設。
以一般家戶30坪屋頂、設置10瓩計算，每月平均約可獲得653元回饋金，相當於小家戶每月平均330度的電費，形同可不必繳電費。此外，綠能屋頂亦可提升屋頂結構安全，隔熱效果也變好，還能解決漏水問題，更能美化屋頂市容景觀；太陽能為潔淨能源，裝設綠能屋頂對改善空氣品質、穩定電力供應也有很好效益，歡迎民眾共襄盛舉一同參與。
王俊博說，在不影響公共安全下，屋頂違建也能參與綠能屋頂計畫，但屋頂避難平台、建築違章樓層達兩樓以上、影響公共安全者，仍不可設置。
經調查台南市民眾參與綠能屋頂意願配合度，新市區有186戶有意願，經濟發展局擇定新市區為台南市首案綠能屋頂區域營運商遴選案，自107年9月3日起辦理「台南市政府辦理新市區『綠能屋頂全民參與』區域營運商遴選招標公告」，上網招標公告至10月2日17:30止，招標文件及相關條件資格可至本府經濟發展局／文件下載／能源科（http://www.tainan.gov.tw/tn/economic/download.asp?nsub=G1A300)查詢下載，誠邀符合資格之廠商踴躍參與投標。
台南市政府經濟發展局推動綠能屋頂。記者吳政修／攝影分享  facebook   "
"RODARTE回歸紐約時裝周 浪漫唯美簡直公主裝","/news/story/7270/3359448","
RODARTE回歸，為本季紐約時裝周一大亮點，品牌在2018年春夏轉戰巴黎高訂周，如今回到紐約發表，仍是浪漫唯美的縐紗、荷葉邊，層疊展現細緻的女性美；相較之下ESCADA則是紛然呈現多樣化的女性角色，並且以心型貫穿服裝與配件，帶來「找找看愛心在哪裡」的樂趣。
像是公主或仙子的原型典範，美國加州品牌RODARTE總是能將繽紛花園搬到服裝上，展現未經世事女子一般的與世無爭，奼紫嫣紅開遍，成為頭髮上的編織立體花飾、服裝上的荷葉邊與縐褶紗，或是點綴在細節的精緻刺繡，色調以馬可龍色系的粉嫩為主，或是帶著異國情調的冷藍、艷紅，光澤金屬、閃亮銀色則是當季略顯張力的成熟色彩。
德國時裝ESCADA則是在西服套裝上展現一絲不苟的剪裁，卻用了很濃稠或螢光的銘黃、桃紅、蘋果綠色系等有點駕馭難度的顏色來表現，展現正經與戲謔之間的衝突美；洋裝則是回歸小圓點的乖女孩印象。在2019春夏系列中的小心機，是將愛心暗藏在服裝、配件中，用立體皮革、絲絨編織、印花圖樣等方式表現，成為當季的標誌細節設計。細緻的工藝與刺繡是RODARTE特色。圖／取自www.wwdjapan.com分享  facebook   RODARTE的層疊紗設計加上粉紫色，展現品牌空靈的氛圍。圖／取自www.wwdjapan.com分享  facebook   ESCADA包款上出現大量的愛心。圖／取自IG分享  facebook   時髦的ESCADA帥氣斜垮包也有愛心元素。圖／取自IG分享  facebook   2019春夏季的RODARTE服裝仍是花朵、紗裙交織的浪漫。圖／取自IG分享  facebook   ESCADA裙子上的愛心讓套裝有柔化的效果。圖／取自IG分享  facebook   "
"全台水庫幾達滿水位 自來水濁度略升","/news/story/7266/3359056","周休假日北部狂降雨，本周天氣依舊不穩定，災害緊急應變小組今日上午已升高為強化三級開設。經濟部水利署表示，8月下旬南部大淹水檢討報告，將在14日出爐，除加強各縣市抽水機汰舊換新，也將增建抽水站。
另外，根據水利署最新資料顯示，目前全台各水庫蓄水率幾乎都已達滿水位，10月底前全台供水無虞，近來各自來水廠因為暴雨狂炸，濁度略有提升，但台水表示，仍在控制範圍內且全台水廠目前都供水正常。
8月23日至28日期間，高雄、台南、雲林等地大淹水，蔡總統指示經濟部水利署盡快提出檢討報告。經濟部水利署主任秘書黃宏莆今日表示，檢討報告將於14日出爐，會通盤檢討精進防洪規畫，除公告新版淹水潛勢圖，也加強各縣市抽水機的汰舊換新，以及增建抽水站。
水利防災中心主任郭純伶指出，連日來的強降雨已讓全台各水庫都幾乎達滿水位，其中，鯉魚潭的蓄水率100%、石門水庫98%、曾文水庫96.6%、南化水庫99.9%，就連目前蓄水量最少的翡翠水庫也有64.1%的蓄水率，預計這幾天的持續降雨，翡翠水庫的蓄水量會再提升。
台水供水處處長武經文說，周末降雨較明顯的基隆新山水庫和新北的板新水廠，台水已採取調度作業，也就是多使用水庫的水，儘量減少並降低川流水的取水，改善民生用水濁度問題。
在在北北基日前暴雨造成淹水災情後，氣象局預期宜蘭到花東，今天雨勢會增大。水利署表示，已完成全台大型移動式抽水機1149部整備，由地方政府使用管理；另調度支援地方政府16部（基隆市3部、新北市1部、宜蘭縣4部、花蓮縣2部、台南市2部、屏東縣4部）。

【記者葉卉軒／台北報導】近半個月來豪雨頻釀水災，根據統計，網購平台防淹水和災後清潔相關商品業績至少成長八成，其中可防止門窗進水的「堵縫神器」更是翻了1.1倍。
南部淹水災情記憶猶新，剛結束的周休假期北北基也紛傳淹水。愛合購表示，平時業績平淡的防洪、防淹水商品，近半個月來業績大幅成長，銷售最突出的是門窗密封條、填縫條，因為可預防門窗縫隙進水被稱為「堵縫神器」，這段時間業績至少增加1.1倍。另外，雨後帶來的泥沙淤積不易清潔，可噴射高壓水柱的加壓型水管近期也相當熱賣。
要預防門窗進水，愛合購建議，除了堵縫神器外，若要美觀也可以選購壓克力填縫膠補強。低樓層民宅預防木質傢俱泡水，輕量型桌椅可以選購傢俱腳墊增高，如果是大型衣櫃或可使用一整片防水墊墊高，避免木質傢價浸水泡爛。
愛合購也提醒，電器用品近日盡量要往高處放或收到櫃子裡，較低的插座最好用加裝插座防水蓋。
"
"環保署：老舊柴油車、特種車調修 最高補助5萬","/news/story/7266/3359037","環保署今天宣布，將輔導老舊柴油車和特種車調修並給補貼，調修最高可補助5萬元。圖為水肥車輛。 圖／聯合報系資料照片分享  facebook   
全國老車自救會號召廚餘車、水肥車等特種車，將在9月14日在台北集結抗議。環保署今天表示，政策沒有強制要淘汰10年以上的汽機車，只要符合排放標準就能上路；環保署今天也宣布，將輔導老舊柴油車和特種車調修並給補貼，調修最高可補助5萬元，車主想要加裝汙染防治設備，最高也能補助15萬元。

環保署長李應元下午開記者會說明輔導特種車輛調修計畫。環保署空保處長吳盛忠表示，特種車輛因有特殊的專用設備，環保署並未強制要求汰換，但會專案輔導，輔導業者車輛調修，以符合環保署要求的排放標準。
吳盛忠表示，環保署為了協助車主可以符合排放標準，推出多元的輔助方案，這次還新增調修補貼。業者若到廠進行噴射幫浦、噴油嘴、引擎活塞調修，絕大多數都將能符合環保署要求的排放標準，環保署可實報實銷，最高補助5萬元。
另外，若車主想要加裝汙染防治設備，最高也能補助15萬元。若想要購車，環保署也會輔助車主購車，利率2.595%，環保署利息補貼1%，貸款車主分為5年償還，若以購買11噸、2期車總價需要200萬估算，等於零利息。
吳盛忠強調，政府根本沒有要強制淘汰10年以上汽機車，眾多業者表示希望補助調修，環保署都將多元補助，以符合環保署的規範。
"
"天氣不穩定 海運11日仍有班次停航","/news/story/7266/3359666","
交通部航港局表示，受天候影響，今（10）日共有九條航線，計37航次停航，預估明（11）日共有五條航線，計13航次停航。
航港局說，停航的航線及班次包括：臺北－平潭全部停航（二航次）；馬祖福澳－福州馬尾全部停航（二航次）；南竿－莒光全部停航（六航次）；南竿－東引全部停航（一航次）；布袋－馬公部分停航（開航二航次、停航二航次）。受天候影響，海運部分今（10）日共有九條航線，計37航次停航，預估明（11）日共有五條航線，計13航次停航。　圖／檔案照片分享  facebook   "
"機器人正夯 勞動部首辦接龍軌道賽","/news/story/7269/3359180","雲嘉南分署機器人賽，每年吸引全國各地好手參賽。記者謝進盛/攝影分享  facebook   
勞動部勞動力發展署雲嘉南分署本月29日將舉辦「2018全國自走車競速暨機器人創意大賽」，首度加入機器人接龍軌道賽，參賽者需即時接龍軌道板，顛覆以往固定軌道的比賽模式。
雲嘉南分署長柯呈枋表示，機器人與自動化技術是未來發展的一大趨勢，機器人賽透過硬體組裝及自動控制、電腦程式等軟體技術，可讓機器人辨別障礙、顏色等，自動的直走、轉彎、循跡走向終點。
今年比賽除延續以往的競速、避障、機械手臂車賽外，首度加入接龍軌道賽，參賽者在賽中需用五個軌道板，即時的重複接龍軌道，不出軌、快速抵達終點是致勝關鍵。
柯呈枋說，總統蔡英文力推5+2創新產業，其中包括智慧機械，是未來產業發展的趨勢，分署每年開辦「自動控制」、「應用電子」、「機電整合」班，積極培訓人才投入智動化產業，可從事系統設備裝置工程、系統規劃程式設計、自動化系統維修等工作，入門起薪約28K至36K，若具備程式設計、規劃、研發等能力的資深人員，薪資可達50K以上。
這次活動受理報名至本月21日止，業者可上雲嘉南分署官網最新消息(https://goo.gl/mzKRFq)查詢報名，另活動預計在本月29日上午8時至下午4時於雲嘉南分署舉辦，當天隆田火車站後站備有免費接駁車，歡迎民眾多加運用。
雲嘉南分署首辦接龍軌道賽，分署長柯呈枋(右2).職訓師蕭勝文(右1)歡迎各地好手來挑戰。記者謝進盛/攝影分享  facebook   "
"花博暖身 台中10處小花海搖曳生姿","/news/story/7266/3359156","烏日區自治公園「福鱗花海」以穿山甲鱗片造形為主，象徵「福臨」意函。圖／台中市建設局提供分享  facebook   台中市政府建設局規劃10處在地小花海，已完成的東區干城、烏日自治公園，分別打造主題「綻曳花海」、「福鱗花海」景觀，兩處地景花海區占地約兩公頃，近40種多年生植栽近萬，各色花卉，讓市民就近賞花。
建設局長黃玉霖說，因應台中花博，在10處區域規劃小花海，目前已完成東區、烏日、南區、后里及東勢等5處，其餘太平、霧峰、大里、清水、大甲等5處近期將陸續完工，為花博暖身。
建設局表示，東區早期是兵營駐紮，演變為兵仔市及果菜市場，市府利用裝置藝術呈現在地演進歷程，以「綻曳」音同「戰役」的概念，象徵戰地重生，裝置「希望之樹」的造形，象徵從鏽蝕的樹木本體中長出綠色枝枒、長出希望，花海則以迷彩形狀及大地色彩搭配，利用高低不同植栽組合，創造空間延伸與繽紛瑰麗的地景花海。
烏日區自治公園的「福鱗花海」以穿山甲鱗片造形為主，取其諧音「臨」。花「鱗」代表福臨、財臨等吉祥寓意，分別於入口處及花海內展示擺設不同造型的穿山甲綠雕，並於鱗片噴繪金色，更強調福臨的代表。期盼以穿山甲主題，呼應花博保育石虎的初衷，引起民眾環保及尊重自然。
建設局長黃玉霖表示，兩處地景花海區占地約2頃，栽植近40種的多年生植栽，數量高達9,600餘株在展露風情，讓紫色、粉紅色、黃綠紅等不同色系的花色呈現，超吸晴，讓民眾享受被花海簇擁的氛圍。烏日區自治公園「福鱗花海」以穿山甲鱗片造形為主，象徵「福臨」意函。圖／台中市建設局提供分享  facebook   "
"台灣設計展「台中FUSION館」二搞創意演繹新經典","/news/story/7270/3358768","2018台灣設計展自8月15日起到9月16日於台中文創園區盛大舉行，二搞創意的作品受邀參與「台中FUSION館」新舊文創經典展，呈現老台中新文創的設計精神，新與舊的融合，傳統的文化透過新銳創作的重新演繹，成為當代文創的養分。二搞創意的展區，作品取自繪本作品《什麼不見了》中的圖畫《路邊攤》，溫暖的復古色調呈現城市的文化色彩，用在地小吃與美食串接的生活場景，保留屬於台灣本土的記憶，讓美麗的過往成為現在的經典。源自台中的經典美食，珍珠奶茶、控肉飯及東泉辣椒醬，也透過良根的畫筆賦予新的生命，呈現記憶中的美好滋味。
「台中FUSION館」以二搞創意的圖畫《路邊攤》展現新舊文化的融合。(圖/文 聯合數位文創提供)分享  facebook   
由聯合數位文創經紀之二搞創意無限有限公司，由兩位同天生日的兄弟檔組成，哥哥郭漁擅長文字寫作，弟弟良根擅長繪畫創作，於2010年一同在《鄉間小路》雜誌上從事圖文創作，成為共同創作的契機，自此持續不斷創作獨立刊物與繪本圖文作品，溫暖的文字搭配奇幻寫實風格圖像，繪本作品《什麼不見了》、《嶄新的一天》主題深入淺出的圍繞社會關懷議題，細膩呈現台灣街景及生活環境，受到讀者喜愛。
台中市政府文化局主任秘書楊懿珊與二搞創意良根共同展示台中美食設計力。(圖/文 聯合數位文創提供)分享  facebook   
出生於台中的二搞創意，對於成長的環境有著濃烈的情感，在創作中常能發現他們兒時生活記憶的積累，並擅長描繪臺灣80年代的懷舊街區與在地的傳統文化及飲食，關注生活周遭那些漸漸被人們所遺忘的珍貴事物，透過二搞細膩的手繪圖畫及生動的文字，將過去的城市的面貌與生活文化，用更具故事性及獨特的風格保留下來。
二搞創意良根受邀參與台中印象彩繪杯活動，示範杯子彩繪。(圖/文 聯合數位文創提供)分享  facebook   
台中市政府文化局9月5日特別舉辦「人人都是設計師-台中印象彩繪杯」活動，邀請台中FUSION館展館插畫家二搞創意的良根、優勢品牌包裝設計公司創意總監蔡建國、女力插畫設計師王子麵、台中LIFE館插畫家吳則萱及，在食尚選物店現場示範彩繪杯子，將記憶中的台中印象用溫暖的色彩與線條，轉化為圖像內容。

2018台灣設計展
活動日期：107年8月15日至9月16日
活動地點：台中文化創意產業園區 (現文化部文化資產園區)
台中市南區復興路三段362號

詳情請查詢
2018台灣設計展官方網站、2018台灣設計展粉絲專頁"
"結合木柵貓空鐵觀音與糕點！玩轉台灣茶 貓茶町打響品牌","/news/story/7270/3358826","貓茶町創辦人高憲鴻和糕點。 記者林俊良／攝影分享  facebook   
貓茶町創辦人－高憲鴻師傅在木柵土生土長40多年，有著一身製作烘焙糕點的好技藝，2008年決定將陪伴自己成長的好茶味木柵貓空鐵觀音與糕點結合，因此在木柵開了這一家以鐵觀音茶為主題的甜點店。他說，「工作與生活之外，還要有點理想…」。
在開設貓茶町之前，高憲鴻已有10多年糕餅師傅的經歷，而貓茶町也並不是他第一次創業，高憲鴻說，「我曾經在路邊擺過小攤賣小甜點，但是罰單真的讓人吃不消，後來就決定在政大附近開一間小店，也就是現在的貓茶町創始店。」
高憲鴻指出，過去10多年的糕餅師傅經歷，讓他從訓練學徒的過程中學習到如何獨當一面，如何讓生產端與銷售端做緊密的配合，也了解品牌建立與經營客群的重要性。

當腦中閃過創業的念頭時，高憲鴻很快的便找出了品牌產品的定位。高憲鴻自信的說，「我們是台灣最早研發出茶鳳梨酥的創始店，以木柵鐵觀音茶為主題，土鳳梨入餡，再加上蔓越莓、核桃，添加豐富口感」。高憲鴻期待有一天，貓茶町的第一個產品－招牌鐵旺酥，能成為代表木柵在地的最佳伴手禮。
貓茶町創辦人高憲鴻和糕點。 記者林俊良／攝影分享  facebook   
高憲鴻強調，每每研發新產品時，都期許自己除了能夠製作出顛覆台灣茶印象，所用心研發的糕點外，也能烘焙出能讓消費者感受到他們極力傳承台灣茶文化的理念和心意。

不過，將近10年的創業生涯，也不可能一帆風順，無風也無雨。高憲鴻說，最大的挫折就是在今年4月忍痛結束貓空分店，雖然許多人都是從那裡認識貓茶町，因為這裡是貓空第一家茶霜淇淋專賣店，但很可惜的是，近幾年因為貓纜開放時間變短，以及貓空商圈人氣下滑，導致營運狀況不如預期，短短數個月就賠了300萬。
貓茶町小檔案創業金句資料來源／採訪整理 製表／葉卉軒分享  facebook   
但樂觀的高憲鴻告訴自己「這不過是人生中多了一次寶貴的經驗」。於是他心想，如果無法在山上推廣台灣茶，「那我就在平地再找一個地方重新開始，因此在台北市民生東路催生出一間民生形象店。」就在今年5月開幕了。
此外，糕餅甜點市場廝殺激烈的價格戰，雖然也曾讓高憲鴻感到很挫折、很失望，但高憲鴻強調：「仍不會澆熄一直以來堅持用好的食材，以及不打促銷戰的理念，我相信，總是會有認同我的人購買我的產品。」

而高憲鴻也已想好貓茶町下一步的重點計畫，那便是推廣以茶為主，使用到全台灣在地食材的喜餅，他說，這是一份一份西式設計結合東方食材的客製化喜餅。
台灣茶薄片巧克力-5味 貓茶町／提供分享  facebook   
同時，高憲鴻也大方不藏私地分享他的創業12大金鑰，包括：經營、管理、行銷、品牌、設計、業務、通路、倉儲、物流、服務、技術、財務，缺一不可。
"
"熱低壓來襲 各地空氣品質普通到良好","/news/story/7266/3358490","環保署空氣品質監測網顯示，今天受熱帶性低氣壓及其外圍環流影響，北部、東半部及南部地區有陣雨或雷雨，並有局部大雨或豪雨發生的機率，午後其他地區亦有局部短暫雷陣雨。雲嘉南空品區由於沿岸風速偏大，局部地區受河川揚塵影響空氣汙染物濃度偏高，雲嘉南、高屏空品區以及馬祖、金門地區為「普通」等級；北部、竹苗、中部、宜蘭、花東空品區及澎湖為「良好」等級。
環保署表示，中部及雲嘉南空品區為「普通」等級；北部、竹苗、高屏、宜蘭及花東空品區為「良好」等級。12日竹苗及中部空品區為「普通」等級；北部、雲嘉南、高屏、宜蘭及花東空品區為「良好」等級。 "
"癌症免疫療法 專家擬定給付順序","/news/story/7266/3359050","健保署上周五召開專家會議討論免疫療法給付癌症的優先順序。 本報資料照片／記者蘇健忠攝影分享  facebook   
晚期肺癌即將成為免疫療法下一波給付對象。健保署上周五召開專家會議討論免疫療法給付癌症的優先順序，專家針對三種免疫藥物排列給付順序，第一名為黑色素瘤（已核准），第二及第三順位是鱗狀非小細胞肺癌、無EGFR基因突變的非小細胞肺癌。

台灣臨床腫瘤醫學會理事長、新光醫院健康管理部主任高尚志指出，依此順序，晚期肺癌將是下一波免疫療法開放給付對象。他指出，晚期肺癌存活率不高，麟狀非小細胞肺癌、無EGFR基因突變的非小細胞肺癌可說是無藥可用，一旦開放免疫療法，將造福許多癌友。
高尚志指出，免疫療法是精準醫療，「如何找到對的人，給有效的藥物」是成功關鍵，國內四大癌症相關學會都建議採「風險分擔」制度。
高尚志表示，健保資源有限，在扣除兩億元黑色素瘤免疫療法給付之後，今年僅剩八至十億元可用在肺癌及其他癌症，建議廠商負起風險分擔責任，符合資格晚期癌友先試用三個月，確定有效後，再由健保給付，如有效果再繼續給付。
台灣肺癌學會理事長、台北榮總胸腔部一般胸腔科主任陳育民表示，對於晚期肺癌患者來說，免疫療法是活下去的最後機會，不過價格昂貴，絕非一般家庭所能負擔。免疫療法是以患者體重來決定用藥劑量，一般50幾公斤女性連續用兩年，約近500萬元。有患者連續用了三年多病情穩定，但已花了1000多萬元。
據了解，免疫療法給付癌症優先順序在前三種外，接下來是何杰金氏淋巴瘤第三線治療、泌尿道上皮細胞癌第二線治療、頭頸部鱗狀細胞癌。
"
"創新桌遊提倡海洋教育 德國桌遊大展都推薦","/news/story/7270/3359775","
玩出海洋教育！為使環保意識扎根，台大電機系畢業、擁有美國加州大學洛杉磯分校碩士學位的綿羊犬公司創辦人林啟維，耗費2年時間，跑遍宜蘭、花蓮、台東訪問無數專家及保育團體、環保局、林務局等單位，推出一款「海洋危機」桌遊，孩子透過玩遊戲認識台灣的海洋困境，合作突破層層關卡，迄今已有百所學校下單訂購。
曾獲得「美國玩具奧斯卡獎」的台灣教育設計團隊「綿羊犬」，近來與國內保育團體與專家合作，將複雜的保育觀念與危急的海洋生態挑戰轉化為一套適合學校與家庭的合作型遊戲「海洋危機」。該桌遊從國小到成人都適用，所有玩家不分你我，必須透過合作才能過關。遊戲結合生態保育與時事概念，設計了海龜復育、鯨豚拯救、海洋吸塵器科技研發等多種任務。
林啟維說，海洋保育概念倡議多年，透過網路影片、淨灘等雖然可讓人理解海洋所面臨的生態浩劫，但對孩童來說，透過參與遊戲感受到垃圾堆積的緊張與危機感，更能產生共鳴。他從2014年起著手設計教具，認為環境教育應該是全民運動，不該僅限於特定組織，因而催生了這款桌遊。
「教導給孩子媒介，讓他學到有用的東西！」他認為，很多的知識，沒辦法輕易被學童理解，必須要有個傳遞的媒介，讓孩子接觸後感受到喜歡，甚至還能從中學到東西。他分享，這款桌遊是合作型的遊戲，不是讓玩家競技每個人撿到多少垃圾，而是鼓勵彼此合作，讓環境免於毀壞，也讓學童學習到玩家之間能夠為共同勝利的目的，討論出解決之道。
該款遊戲的核心是廢棄物處理，避免河川及動植物生態受汙染。林啟維說，他走訪全台蒐集媒材時得知，住在蘭嶼的海龜媽媽原來在產卵前會到沙灘巡視，若不乾淨就走掉了，他將此納入遊戲設計，玩家必須學會保護海龜的卵，以及將擱淺的鯨魚送回大海、治療受困的海豚等。遊戲中也提到破窗效應，一旦垃圾沒清，之後的人就會繼續丟垃圾，呈現出生活的真實現況。
今年10月綿羊犬將帶著「海洋危機」前進全球最大規模的「德國埃森桌遊展」，主辦單位也在官方推特上大力推薦，是台灣兒童遊戲設計首次登上全球最大桌遊展官方媒體並獲認可推薦。為了擬真體驗海洋危機，團隊進一步推出4米寬大型版遊具，一放上嘖嘖群眾募資平台，僅4小時就超過預期目標50萬元，並有上百間國小下訂，連美國、香港、日本的家長也跨海訂購。
林啟維說，台灣這兩年很多人在淨灘，根據現有全球統計資料庫分析，寶特瓶在海洋垃圾中排行第一，2017年高達180萬個，生活中常見的塑膠袋及吸管也位居前5名。該桌遊推出後，舉辦過100場試玩體驗，玩家都問「清理環境不能多點人嗎？」、「垃圾為什麼這麼多？」，恰能反映真實生活的現況。
林啟維說，根據聯合國統計，一年海洋產生的塑膠垃圾大約是80億公斤，每次淨灘大約能清掉1000公斤的垃圾，一年累計約80萬公斤，兩者差距懸殊。他也告訴學童，愛護環境沒有萬靈丹，除了要清理垃圾還要做到源頭減量，包括改用環保餐具、做好垃圾分類，期盼透過遊戲讓國內、外更多人體認到海洋保育的迫切性，並且引導行動的改變，共同紓解海洋危機。為了將環保意識扎根，台大電機系畢業、擁有美國加州大學洛杉磯分校碩士學位的綿羊犬公司創辦人林啟維（白衣者），花2年時間籌備這款海洋保育桌遊。圖／綿羊犬提供分享  facebook   學童試玩「海洋保育」桌遊，過程中腦力激盪，順道認識台灣的海洋汙染現況。圖／綿羊犬提供分享  facebook   「海洋保育」桌遊設計了十種延伸的生態保育任務，包含海龜復育、鯨豚拯救、海洋吸塵器科技研發等，結合時事概念，教育延伸性十足。圖／綿羊犬提供分享  facebook   "
"高雄將辦電競賽 市府推「樂高雄」桌遊暖身","/news/story/7266/3358919","高市新聞局和瘋桌遊合作開發「樂高雄」桌上遊戲，新聞局臉書專頁「高雄款」今天搶先發布「樂高雄」桌遊開箱文，並下戰帖廣邀玩家9月30日參加「玩樂高雄桌遊爭霸賽」，就有機會贏得「樂高雄」桌遊並抽中「High!高雄電玩音樂趴」門票。
高雄市新聞局表示，年底高雄將舉辦IeSF電競世界錦標賽，新聞局透過開發桌遊，手遊和舉辦電玩音樂會一系列活動，提前讓市民完整體驗遊戲魅力和遊戲產業的發展潛力，共同迎接年底電競世界錦標賽的盛會。
新聞局長張家興說，「樂高雄」桌上遊戲由新聞局和瘋桌遊合作開發，「樂高雄」名稱取Love Kaohsiung的諧音，是第一款以建設大高雄為主題設計的反應類型桌遊，以向量建築及簡約對比的插畫風格，呈現大高雄近10年來的翻轉，玩家藉由收集各種資源，把過去的高雄建設成現在的高雄。
新聞局並下戰帖廣邀玩家9月30日下午2點，在捷運美麗島站光之穹頂參加「玩樂高雄桌遊爭霸賽」，當天贏家大獎就是「樂高雄」桌遊，而且每桌一套，現場參賽或試玩的玩家，都有機會抽中10月6、7日的「High!高雄電玩音樂趴」門票。至於電玩音樂趴卡司，將於明天公布。
「高雄款」臉書小編今搶先發布桌遊開箱文，大讚紫色的外盒設計時尚。「樂高雄」桌遊共有20個建設任務景點，包括棧貳庫、衛武營、崗山之眼、月世界地景公園、駁二等。秘訣與玩法詳洽高雄款Facebook粉絲專頁桌遊開箱文 http://bit.ly/2QePhRv。
新聞局表示，「玩樂高雄桌遊爭霸賽」採網路報名與現場報名兩種，今天開始網路報名，只有36個名額，報名網址 http://bit.ly/2NrfxJO。桌遊賽除了玩家比賽區，更規劃路過體驗區，歡迎市民9月30日到場看熱鬧、試手氣！高市新聞局和瘋桌遊合作開發「樂高雄」桌上遊戲，新聞局臉書專頁「高雄款」今天搶先發布開箱文。圖／高市新聞局提供分享  facebook   "
"貓茶町人氣茶甜點：鐵旺酥、鐵觀音舒芙蕾","/news/story/7270/3358832","招牌鐵旺酥 貓茶町／提供分享  facebook   
「想讓大家知道，在台灣吃到的美味茶甜點，不只有抹茶，台灣茶也是很棒的選擇…」，這是貓茶町創辦人高憲鴻師傅的初心，也是他至今的堅持，而這也讓他研發出台灣第一塊的茶鳳梨酥－「招牌鐵旺酥」。
以來自家鄉木柵的鐵觀音茶入餡，結合土鳳梨，再加入蔓越莓、核桃添加豐富口感，高憲鴻除了希望「招牌鐵旺酥」，顧名思義會讓大家吃了鐵定會旺，也期待有一天招牌鐵旺酥能代表木柵，成為在地的最佳伴手禮。
「鐵觀音舒芙蕾」則是貓茶町的另一款人氣茶甜點，高憲鴻指出，他以巧克力戚風蛋糕結合鐵觀音茶格斯餡，最後再點綴上一塊鐵觀音茶生巧克力，口感輕盈、入口即化，又與台灣茶結合，是許多忠實顧客口耳相傳的招牌甜點。
鐵觀音舒芙蕾 貓茶町／提供分享  facebook   
此外，「台灣茶5味薄片巧克力」也是創舉，可以一口氣同時吃到海拔高度300公尺松柏嶺四季春茶、400公尺文山包種茶、500公尺木柵鐵觀音茶、800公尺日月潭阿薩姆紅茶及1000公尺鹿谷凍頂烏龍茶等五種口味。
熱賣商品「夢幻茶<U+83D3>套餐」，有著滿滿一整碗的澎湃茶香甜點，結合茶生巧克力、茶方塊酥、茶牛軋糖、茶馬卡龍、鐵觀音麻糬、茶乳酪、鐵旺酥、茶燒<U+83D3>子餅乾、茶奶油酥餅、冷泡茶、茶霜淇淋，每一口都是滿足。而「台灣茶霜淇淋」則是很少人吃一支就過癮的，最新熱門口味是茶奶奶霜淇淋。
"
"娘娘秘帖 美妝封后","/news/story/7270/3358841","「成后之路」Pop-up Store活動，讓消費者登上后座，拍下美照。 Whoo后/提供分享  facebook   
延禧熱潮不減！韓國頂級保養品牌-Whoo后也在台打造宮廷快閃店，以璀璨華麗的宮殿為靈感，讓人彷彿置身皇室宮廷，品牌甚至還特別精心打造一座優雅雍容的后座，讓消費者可以登上后座，拍下美照。
同時，Whoo后也歡慶品牌最熱賣的重生秘帖系列在台上市10年，推出以青花白瓷為設計靈感的限量版「秘帖循環精華禮盒」，當中除有明星商品-秘帖循環精華正貨外，還搭配拱辰享超效水凝露、拱辰享超效水凝乳，以及牡丹花口紅盤，設計極具東方之美與皇家藝術。
而「成后之路」Pop-up Store活動現場，除了可體驗秘帖家族系列產品，並參與現場設計的一連串活動，如透過「韓方肌膚體質測量評鑑」與「高科技美肌智慧魔鏡」，專業分析深入了解肌膚狀況外，還有專業攝影師可捕捉妳優雅的尊寵成后瞬間。之後上傳IC並列印實境照，完成體驗，還可獲得重生秘帖2件組， 10月27日~10月28日在台中大遠百。
"
"熱低壓影響 北部東半部防大雨沿海有強風","/news/story/7266/3358529","中央氣象局預報，台灣地區今天受熱帶性低氣壓及其外圍環流影響，天氣仍不穩定，北部、東半部及恆春半島應防大雨或豪雨，嘉義以北、東半部及離島應防強陣風。
氣象局說，目前台灣東南方海面上有一熱帶性低氣壓，預估今天至明天逐漸往西移動通過巴士海峽，今天受熱帶性低氣壓及其外圍環流影響，天氣仍不穩定。
氣象局清晨發布基隆市、新北市、台北市、宜蘭縣、花蓮縣及台東縣6縣市大雨特報；同時發布17縣市陸上強風特報，嘉義以北、東半部（含蘭嶼、綠島）、恆春半島及澎湖、金門、馬祖沿海空曠地區及鄰近海域易有8至10級強陣風，沿海並有較大風浪。
氣象局說，今天北部及東半部整天會有陣雨或雷雨，並有局部大雨或豪雨，因這些區域連日降雨，山區含水量多土石易鬆動，建議民眾避免前往活動，中南部則是雲量多，午後有局部短暫雷陣雨的天氣。
氣象局預測，入夜後北部及東北部的降雨會趨緩，主要降雨區域移至花東地區及恆春半島。
氣溫方面，氣象局觀測，清晨各地低溫約攝氏22度至25度，白天北部及東半部因降雨影響，高溫約28至30度，其他地區高溫約30至32度。
台灣地區今天受熱帶性低氣壓及其外圍環流影響，天氣仍不穩定，北部、東半部及恆春半島應防大雨或豪雨，嘉義以北、東半部及離島應防強陣風。聯合報系資料照／記者林伯東攝影分享  facebook   "
"鼓勵民眾多搭大眾運輸工具 中秋節鐵公路航空加開班次","/news/story/7266/3358836","交通部今天表示，中秋節三天連續假期預估天氣狀況良好下，仍有大量出遊車潮湧上國道，部分路段壅塞仍難避免，呼籲民眾多利用公共運輸少開車，而必須開車的民眾，則多行駛替代道路，所以這次疏運措施以增加公共運輸運能為主。
鐵路部分，高鐵運能較平日提升13.3%，在連假期間早鳥及大學生專案仍維持適用，並視實際尖峰時段需求增加自由座車廂數及臨時增開北上全車自由座班次；台鐵以服務東部為主，全線運能較平日增加10.7%，每日開行樹林=花蓮及七堵=嘉義區間快車、東線新自強號實名制及返鄉專車等措施仍持續實施，東線普悠瑪號與太魯閣號，發售限量八折站票，另為分流尖峰時段旅運量，於中秋連假前一日、收假日，分別開行臺北=花蓮及臺北=臺東紅眼列車，並提供七折優惠票價。
國道客運部分，西部規劃每日平均開行1萬1,000班次，東部每日平均開行1,800班次；持續實施「國道客運票價優惠及公共運輸轉乘優惠措施」，共計88條路線平均優惠約為原始票價八五折；台灣好行42條客運路線實施電子票證半價優惠措施，另使用電子票證搭乘國道客運、臺鐵及高鐵(新增)後，轉乘在地公路客運或市區客運（高鐵快捷公車除外）將提供基本里程或一段票免費優惠，以吸引民眾搭乘，減少使用私人運具，本次臺北巿政府轄管之巿區公車亦配合加入辦理。
而離島航運部分，空運以服務離島航線為主，平均每日提供架次數及座位數較2016年中秋連續假期增加約5%及0.2%（因2-17年中秋節沒有三天以上連續假期）；海運亦規劃提高運能，另視天候狀況需要，適時啟動ABC應變計畫。
在觀光部分，交通部說，這次持續推動「Train-Bus台灣觀巴旅遊護照」及「台灣觀巴高鐵聯票」等優惠套裝旅遊行程；另就易壅塞景點路段，與各地道路主管機關及警察單位相互合作，加強道路及停車疏導措施，並於熱門遊樂區建立通報應變措施。鼓勵民眾中秋連假多搭乘大眾運輸工具，鐵路、公路和航空、海運均有加班。　圖／檔案照片分享  facebook   "
"延禧風潮引領時尚攻略","/news/story/7270/3358839","義大利頂級寢飾本季新作也搭上了莫蘭迪色順風車。 FRETTE/提供分享  facebook   
大陸宮廷劇《延禧攻略》已播畢，但這股「延禧風潮」和「莫蘭迪色」肯定在2018秋冬時尚中將持續延燒，而關鍵則是只要掌握灰霧感的寧靜色調，即可展現娘娘們靜謐脫俗的優雅質感。
富察皇后代表色為帶灰調的深綠，而魏瓔珞為灰色和淺褐色。 OPI/提供分享  facebook   

統一時代百貨美人塾流行顧問表示，相較以往宮廷劇萬紫千紅的鮮豔色彩，《延禧攻略》裡運用沉靜、溫柔、優雅、低調的配色，營造出高質感，其中莫蘭迪色、中國傳統墨調色彩更是成為新火紅名詞，莫蘭迪色是在各種顏色中加入白色的灰色調色彩，整體色調都像是蒙上了一層灰，而中國傳統墨調色彩是中彩度、低明度的配色，較莫蘭迪色更為濃郁厚重，散發出內斂奢華的氣質。
京站也觀察到，因清宮劇意外爆紅的莫藍迪色是不少森林系、文青風格消費者願意嘗試的顏色，近期有不少專櫃也大推相關色系，尤其最容易跟上話題的指甲油、眼影和彩妝等，對於不知道如何挑選的消費者，京站建議不妨從同色系不同深淺來搭配，另外配上彩度低的白、綠或藍色系配件或鞋子，讓整體造型更畫龍點睛。
OPI與FABY也有不少富察皇后、魏瓔珞的指甲油代表色。其中，魏瓔珞代表色為灰色和淺褐色，至於富察皇后代表色則為帶灰調的深綠，以及各種深淺不一的裸粉色。
莫蘭迪色是沉靜、溫柔、優雅、低調的配色。 統一時代/提供分享  facebook   

此外，就連居家市場也掀起了「莫蘭迪色」風潮，FRETTE品牌經理胡婷婷指出，「莫蘭迪色」是義大利20世紀藝術家喬治莫蘭迪所創作一系列靜物作品而命名的色調，也被稱之為高級灰，整體的色調都像是蒙上了一層灰，運用至居家空間中，不僅能提升整體的美感與質感，還能讓人心靈獲得平靜，是個溫柔且具療癒的色彩。
源自於義大利的FRETTE，本季新作即搭上了莫蘭迪色順風車，擁有灰藍、灰橘、灰咖…等多款系列作品。
內衣品牌beaualce薄蕾絲本季也推出了關於莫蘭迪色調的五大色系內衣，分別是煙紫、靛藍、裸粉、灰白、冷綠，為早秋時尚增添高雅質感。
beaualce薄蕾絲指出，延續2018的紫外光風潮，不論是自帶仙氣的淡紫或是高飽和的深紫，只要將紫色穿上身，就能增加溫柔和神祕感，而飽和度低的「煙灰紫」更是本季不可錯過的代表色。至於藍色，本就帶有沉著內歛感，是劇中妃子最常穿著的色系，不同層次的藍堆疊出後宮妃嬪的尊貴大氣，靛藍在古時更是要價不斐也不易取得，有錢有權的人才穿得起這色系，而藍色穿在身上，則將肌膚襯托得更加白皙。至於裸粉，則是將原有的粉色降低了彩度，例如膚粉、粉橘等色調，柔和中帶有嬌嫩感，卻又不像粉色那麼繽紛活潑，也因為貼近亞洲膚色，運用在內衣上，則是非常實用的隱形色，穿著淺色上衣時有非常好的隱形效果。
富察皇后代表色為帶灰調的深綠，而魏瓔珞為灰色和淺褐色。 OPI/提供分享  facebook   

另一個代表色-灰白，有別於純白色，以灰色調為主的莫蘭迪白色系，不論是搭配深色系或淺色系都能提升質感，雖沒有白色耀眼，但更顯低調優雅。還有冷綠也值得嘗試，雖然綠色對於亞洲人的黃皮膚來說向來較難駕馭，但若降低了綠色的飽和度後，則馬上帶出柔和復古感，非常有早秋氛圍。
"
"台鐵玉里站電力設備故障近6小時 影響3500人","/news/story/7266/3359600","台鐵玉里站電力設備今天上午故障，近6小時後修復，影響約3500人。
台灣鐵路管理局人員指出說，玉里站電力設備故障，發生在上午10時31分，路線仍維持單線雙向行車，但改用柴電機車行駛，電力設備下午4時20分修復，恢復正常行車。
台鐵統計共影響20列次、3500名旅客。對於造成旅客行程延誤，台鐵致歉。
根據台鐵規定，對號列車延誤超過45分鐘，旅客可在一年內至各站辦理全額退費。"
"台旅客愛帶大陸肉品 防範疫情將嚴查","/news/story/7266/3359033","台灣旅客很愛從大陸帶回含肉製品回台。 圖／防檢局提供分享  facebook   

中國大陸非洲豬瘟疫情擴散，韓國查出兩名旅客帶入肉包和香腸中，測出非洲豬瘟病毒。台灣旅客也很愛從大陸帶回含肉製品，農委會防檢局統計，光去年一年，查獲國人從中國大陸帶含肉產品609件，包括生肉、香腸、臘腸、水餃、燕餃、肉圓等，顯示國人防疫觀念不足，違規者又以進香團、陸籍新移民最多。

為避免非洲豬瘟隨國人帶含大陸肉產品侵入，防檢局近來機動調整檢疫犬米格魯的作業方式。原本米格魯檢疫犬只在行李轉盤找違禁品，但因國人那時還未「入境」，就算找到，有時不能開罰；現在檢疫犬除了行李轉盤，還在海關也一起作業，一旦抓到生鮮及未煮熟肉類就可直接開罰1.5萬元。很多旅客認為真空包裝就可逃過檢查，防檢局強調，其實米格魯檢疫犬都聞得出來。
非洲豬瘟病毒可在冷凍肉品存在1000天，冷藏肉品100天，若旅客帶入生肉、半加工製品，等於把國內的養豬產業置於險境。 防檢局指出，每年都有數百件各式各樣的含肉製品被帶回台，從中國大陸來的占一半以上。
農委會防檢局副局長施泰華表示，這些夾帶案件有季節性，比如端午節前後，不少旅客會帶回粽子，粽子裡往往有肉，就算是素粽，也得把粽子整個打開檢查；中秋節時，遊客會帶回月餅，例如滷肉月餅，或上面有肉鬆的月餅。但依照規定，伴手禮、罐頭無論密封與否，中國大陸的肉製品一律不可帶入。
施泰華表示，過去還有很多旅客帶回包括水餃、燕餃、香腸、肉圓、泡麵、生豬肉等，宣稱是「家鄉味」，還有旅客連飛機上沒吃完的餐點都帶下來。
另外，防檢局指出，東南亞籍的新移民返鄉探親時，會帶類似鴨仔蛋等產品回台；大陸因為班機班次較多、交流更頻繁，陸籍新移民帶回的產品種類就更多元。阿公阿嬤參加的進香團、旅行團，也會隨手帶回肉類製品，都讓防檢局人員很頭痛。
圖為8月27日在松山機場查獲民眾從大陸攜帶生絞肉回台，遭防檢局查獲。 圖／防檢局提供分享  facebook   
"
"今彩539第107217期開獎","/news/story/7266/3359971","今彩539第107217期開獎，中獎號碼02、21、25、37、24。3星彩中獎號碼081，4星彩中獎號碼8665。
實際中獎獎號以台彩公布為準。"
"長輩聚陽光學堂 做蛋黃酥防失智","/news/story/7266/3359486","新北市聯醫10日舉辦「失智社區關懷據點『陽光學堂』」記者會，記者體會延緩失能的運動設施。（photo by 蔡岳宏／台灣醒報）分享  facebook   近20名認知障礙的長者揉捏著麵團，身旁志工細心指導，空間散發出濃濃的蛋黃酥香味！新北市聯醫10日舉辦「失智社區關懷據點『陽光學堂』」記者會，新北市聯醫副院長王祖琪表示，除了居家長照和社區服務，陽光學堂規劃有運動器材區、養生廚房等5區，更結合跨科別醫師、物理治療師、營養師等團隊提供運動、飲食等專業服務，鼓勵長輩走出家門，多參與活動延緩失智。

新北市副市長呂衛清表示，新北市在107年7月底65歲以上老年人口數超過52萬人，依失智症各年齡層的盛行率推估，失智症人口數已逼近4萬。然而，許多失智長者長期待在家中，除會加劇老化情形，也對家人造成心力負擔，為此新北聯醫成立失智社區服務據點「陽光學堂」，除服務社區的失智症病友及家屬，也提供對失智症的認知及照護訓練課程，包括輔具、運動知識等講堂。

「失智症現已正名為認知障礙症。」王祖琪表示，認知障礙的社區據點的優勢是，長輩只要坐公車、走路就能到達，增加他們出門的意願。北市聯醫陽光學堂每周1至5提供10個時段，提供運動器材、投球設施、養生廚房、活動教室等空間，許多長輩除了能活動筋骨，還能學習園藝、烤餅乾等多元專長，「長輩來到此地可以暢談過去成就，認識新朋友，有些長者甚至還能協助其他高齡者。」

王祖琪指出，學堂內的延緩失能用設施為業界醫材廠商提供，不同於一般健身房的運動器材，氣壓式的設計能減少長輩受傷的機率。此外，現場駐有跨科別醫師、職能治療師、物理治療師等團隊在旁輔助，針對長輩開出專屬運動處方籤，提升長者肌力且促進健康，「陽光學堂的處方箋不開藥物，而是運動菜單。」王祖琪鼓勵家屬，多陪伴失智長輩參與社會活動，走出家門是延緩失智症最重要的一步。
【更多精采內容，詳見】 "
"維也納合唱團登台 10月將巡迴演出","/news/story/7266/3359718","維也納少年合唱團將前往台灣巡迴演出。（photo by Lukas Beck）分享  facebook   奧地利的「維也納少年合唱團」今年再度來台！曾經被聯合國教科文組織列為無形文化遺產的合音天使，今年10月中旬分別會在新竹市、屏東、台南、台中以及新北等地巡迴演出。維也納少年合唱團穿著招牌的水手服，擁有黃鶯出谷般的歌聲。這群來自多瑙河畔，傳唱超過500年的小天使，將再度為臺灣觀眾帶來天籟般的音樂饗宴。

維也納少年合唱團擁有100位團員，從9歲到14歲，分成四個團。這些團員每一年在全世界無數愛樂者前演唱近三百場音樂會。從1924年起，共有2502名團員在98個國家巡迴演唱超過一千場的音樂會。但有一項音樂會維持了520年傳統，就是固定每個星期日將與維也納愛樂和維也納國立歌劇院合唱團在皇家教堂裡一起演唱。

維也納少年團是世界上最著名的合唱團，「交響曲之父」海頓以及「歌曲之王」舒伯特都曾加入該團。而現任指揮則為巴西籍的路易茲‧德‧郭多益（Luiz de Godoy），他曾在2016年榮獲奧地利爾文‧奧特納合唱指揮大獎，而後就開始成為維也納少年合唱團的指揮。對德‧郭多益來說，音樂是他生命中最重要的養分，因為音樂是上天給予人類的恩典。

世界各地對維也納少年合唱團的喜愛，也反映在好幾部關於該團的紀錄片與電影製作上。奧地利導演庫特‧法董就曾製作四部有關維也納少年合唱團的電影，例如在2017年的《善心牧羊人》裡還有他們跟著馬賽戰士、撒米馴鹿牧羊人還有靈長類動物學家珍‧古德博士一起演唱的橋段。
【更多精采內容，詳見】 "
"社交型飲酒超標 籲採「一無酒日」","/news/story/7266/3359487","英國中年人有社交型飲酒習慣，因此成為罹患心臟相關疾病的高危險群。(photo by Flickr)分享  facebook   社交型飲酒養成的天天飲酒習慣，造成英國中年人變成罹癌、肝病或高血壓的高危險群，英國研究呼籲飲酒人採取「每週一個無酒日」！研究指出，中年人飲酒者較其他年齡層更易超過每週推薦的飲酒量，英國公衛協會發言人凡爾娜表示，要這些中年飲酒人減少飲酒量，比要他們增加健康飲食與作息都還難，「不如採取每週一無酒日，讓肝臟得到休息機會。」

根據《英國廣播公司》報導，英國公衛協會於2016年即透過研究，提出國人每週推薦飲酒量為14個單位（約為6瓶啤酒或7杯葡萄酒），然而，公衛協會博士凡爾娜指出，中年飲酒人其實不會過量飲酒，但他們的平均每週總飲酒量總會超過推薦飲酒量，「中年飲酒人已將社交與喝酒當成習慣，一種作為獎勵自己辛苦工作的習慣。」

英國YouGov民調配合公衛協會的統計資料顯示，英國的18歲到85歲的成年人中，約有5分之1人飲酒量高於推薦的14個單位，更嚴重的是，其中有3分之2的飲酒人認為，減少飲酒的難度太高，比增加攝取健康飲食、作息與勤做運動都難，說明這樣的社交型飲酒習慣已深入英國人民心中。

凡爾娜對此現象補充說，飲酒量超過每週的推薦量將有高機率罹患疾病，包含肝病、心臟病、高血壓、甚至是癌症，她提出公衛協會的建議做法，「既然飲酒人難以改變這項社交飲酒習慣，給自己固定的休息時間能替身體減少很多負擔」，意即一週僅需騰出一天不喝酒，身體機能可以獲得恢復。

根據《衛報》報導，研究發現，飲酒量控制在建議的14單位內的人比超量飲酒者活得更久，超過建議的中年飲酒人平均少活1.5歲。凡爾娜提及「無酒日」表示，此活動不只用於推廣「一天不喝」，而是持續追蹤飲酒人的喝酒天數與健康狀態，最終目標是達成改變飲酒人的飲酒習慣，並將飲酒量控制在每週14個單位內。
【更多精采內容，詳見】 "
"行政院長賴清德 視察中央氣象局","/news/story/7266/3359294","行政院長賴清德、交通部長吳宏謀與行政院秘書長卓榮泰下午視察中央氣象局，聽取「熱帶性低氣壓及山竹颱風動態情形」，現場指示各單位嚴正以待，做好預防措施。

【中央社╱台北10日電】
行政院長賴清德關切中度颱風山竹動態，今天下午到中央氣象局聽簡報，呼籲中央與地方嚴陣以待，並勉勵氣象局要做最正確的颱風路徑及雨量預測。
賴清德說，最近熱帶性低氣壓及西南氣流，造成南台灣水災，日前大雨也侵襲北台灣，台灣承受的雨量已非常多，現在又有熱帶性低氣壓會從台灣南部經過，颱風山竹15、16日也會影響台灣，但後續變化難全部預測，中央與地方都應嚴陣以待。
賴清德也要求相關單位，因應颱風，應做到預防撤離、超前布署包括機具設備、人力、沙包等。
賴清德特別提到8月23日南部水災時，後來發現有些抽水機功能不佳，有些是事先未注意到的異常，另外，水庫也應注意預防洩洪，預留滯洪空間，讓災情可獲控制。
賴清德勉勵氣象局做3件事，首先要做最正確的颱風路徑及雨量預測，其次是最即時的預報，隨時掌握每一分變化，第三是提供全面性服務，兼顧各行各業對氣象的需求。
氣象局預報中心主任呂國臣簡報說，今明兩天熱帶性低氣壓朝西南西，往巴士海峽移動，預計今天下午至明天上半天，熱帶性低氣壓會最接近台灣恆春半島及花蓮、台東，而熱帶性低氣壓進入巴士海峽後，有增強趨勢，若明天中午增強為颱風，會立即發布海上及陸上颱風警報，恆春半島及花蓮、台東應防豪雨及強陣風。
呂國臣也說，在太平洋高壓穩定導引下，中颱山竹往西移動，未來行進路徑風切環境小、海水溫度高，都有利讓颱風增強為強烈颱風，且暴風範圍也會擴大。
根據氣象局下午2時最新颱風消息，山竹中心位置大約在鵝鑾鼻東南東方2900公里海面上。
呂國臣以目前美國、歐洲及氣象局對山竹的路徑預測，13日前都是往西，之後太平洋高壓減弱，目前看來颱風路徑偏南，通過巴士海峽至台灣東南部陸地機率最高，降雨以台灣東半部及恆春半島為主。
呂國臣說，13日後山竹路徑也可能北偏至花蓮，但機率較低，若路徑北偏，北部及西部受影響程度就增加。
行政院長賴清德（中）、交通部長吳宏謀（右）與行政院秘書長卓榮泰（左）下午視察中央氣象局，聽取「熱帶性低氣壓及山竹颱風動態情形」，現場指示各單位嚴正以待，做好預防措施。記者林伯東／攝影分享  facebook   "
"專家：大陸肉品當地吃就好 擅自帶回衛生堪憂","/news/story/7266/3359058","不少國人愛帶中國大陸含肉食品回台，肉品專家表示，台灣肉製品多樣，且有衛生屠宰制度把關；反觀大陸飼養、屠宰、加工等過程，衛生品質都不可控制，帶大陸肉品、肉製品回台灣，有衛生和保鮮疑慮，建議在當地吃就好，帶回台灣，百害無一利。
國立宜蘭大學生物技術與動物科學系教授林榮信表示，火腿臘肉等食品，早期可能來自大陸，現在大多在台灣都有製作。這些肉製品上市前，都必須要有合格屠宰證明書；肉類加工品也大多有CAS等證明把關。
他表示，1997年台灣爆發嚴重口蹄疫後，原本在日本市場占有47%的台灣豬肉比率瞬間衰退，台灣豬肉長達20年無法外銷到國外。現在中國大陸爆發非洲豬瘟，我國必須要更小心，阻絕病毒侵台的各種可能管道，全民要配合的，就是不要從海外帶回各式肉品。
林榮信表示，台灣肉品、肉製品多，「真的沒有必要從大陸帶」，要吃在當地吃就好，不要帶回國內，何況輾轉帶回台的過程中，也容易發生保鮮問題。
分享  facebook   
林榮信說，前陣子甚至有旅客從大陸帶生絞肉回台，台灣民眾要吃絞肉，傳統市場肉攤、各大賣場、超市都可以買到；大陸的生肉，連源頭豬隻是怎麼飼養的都不知道，加工品也不知道加了什麼東西、怎麼製作，衛生安全品質都不可知。國人帶回這些東西，根本害人害己。
"
"桃園TC奪奧林匹克級BOTY大賽代表權","/news/story/7266/3358715","BOTY全名(Battle of the year) ，1989年創辦於德國，被公認為全球最高水平、最具權威和影響力的國際街舞大賽，堪稱霹靂舞界的奧林匹克。臺灣自2004年開始參與BOTY賽事，2010年起以臺灣區冠軍資格參與世界總決賽，屢次榮獲佳績，實力受世界各國肯定。
今年BOTY臺灣區團體賽由Top Coalition（簡稱TC）擊敗各方好手拿下冠軍，將以臺灣代表隊身分參加11月在法國舉行的世界總決賽，爭取最高榮耀。TC創團今邁入第15年，團員全數都是桃園在地人，平時和上班族一樣，利用工作以外的時間投入B-BOY訓練和表演。
昨天下午，TC和多隊B-BOY（嘻哈街舞愛好者)好手齊聚桃園市中壢區中正公園，除了接受副市長游建華頒獎表揚，為這個月22日多國好手到中壢參加B-BOY世界賽宣傳。TC舞蹈休閒館表示，B-BOY是個可以讓年青人對舞蹈投入熱情的文化，不僅能讓年輕人展現自信，也是表達一種自我的縮影。同時，也有助於年輕人自我成長，在團體中更能增進團隊合作的精神、也成為參與社會的一種橋樑。
TC舞蹈休閒館指出，年輕舞者們每年力拚出國機會，走出世界讓世界看見臺灣，臺灣在各地舞者相繼出國參與國際賽事的情形下，讓臺灣B-BOY圈各大舞團近年來在國際間享有一定的聲譽，更重要的是，B-BOY還可以代表桃園的城市文化，讓年輕舞者用B-BOY文化創造桃園的新面貌，打造出充滿自信活力的新桃園，讓世界看見桃園。
「2018 BATTLE IN TAOYUAN」國際B-BOY世界賽22日在中壢舉行，有來自俄羅斯、英國、烏克蘭、中國、日本、摩洛哥各國BBOY精英齊聚中壢中正公園。比賽由桃園市新桃文教協會、TC舞蹈休閒館共同主辦，桃園市政府、市議會和青年市務局都參與協辦。TC是桃園在地的街舞強隊，今天要代表臺灣參加BOTY(Battle of the year)世界大賽。 圖／TC舞蹈休閒館提供分享  facebook   多隊B-BOY街舞好手昨天在中壢接受頒獎。圖／TC舞蹈休閒館提供分享  facebook   "
"醫院性騷擾特別高？ 高市醫療院所宣示防堵","/news/story/7266/3359816","
「調查顯示醫療院所人員有3成曾遭性騷擾，但高市一年僅通報3、4件。」高雄市衛生局長黃志中是性別教育博士，更自稱是「性騷擾重案組」成員，他觀察，醫療環境中的權力關係明顯，加上醫病治療時接觸密切，身體界線模糊，發生性騷擾比例很高，但多數受害人隱忍不發，甚或加害人毫無自覺。
衛生局10日在小港醫院舉辦「從性騷擾防治到性別主流化研討會」，黃志中號召勞工局、醫護團體、高醫大附設醫院、高雄榮總、高雄長庚、義大醫院及9家市立醫院代表，共同宣誓「拒<U+7D76>性騷擾從你我做起」，黃志中要求各院建立通暢申訴管道，讓受害員工安心申訴，不因而影響工作品質、甚至離職。
黃志中說，過去在醫院發生護理師遭性騷擾，多是在幫病人量血壓時被摸手、襲胸，或在病房更換點滴時，身體遭床上患者觸摸；曾有護理師直接告訴病患「不能這樣」，卻遭嗆「不然妳去投訴啊！」好不容易病患出院，隔2個月又要住院，讓護理師壓力好大。
黃志中表示，過去多項調查研究顯示，醫院中屬於基層的「護生」，約有3、4成都曾碰過病患或職場中的性騷擾，護理師則為2、3成，就連位階較高的護理主管，也有1成碰過性騷擾。這些受害人多半覺得不舒服、生氣、驚嚇、責怪自己，嚴重時甚至會出現創傷後壓力症候群，影響工作效率，若因此發生醫療糾紛或離職，更間接造成醫院損失。高市衛生局長黃志中（右五）號召多家醫療院所，共同宣誓「拒<U+7D76>性騷擾從你我做起」，要求各院建立通暢申訴管道，不讓受害員工因壓力影響工作品質、甚至離職。記者蔡容喬／攝影分享  facebook   "
"百貨週年慶台中戰火開打 大手筆送來店禮","/news/story/7270/3359568","年底選戰進入倒數階段，百貨公司週年慶戰火先開打，台中市多家百貨公司13日起預購先出擊，業者今天表示，上半年營業額持平，有待下半年這波週年慶檔期拉抬全年預估營業額。
農曆7月一過，台中市各家百貨業者紛紛宣布週年慶及購物節活動登場，業者除公布滿額送的回饋比率，來店禮也是吸引消費者的焦點。隨著餐飲營業額佔百貨公司營收比率日益增加，業者紛紛引進知名餐飲業進駐，期待藉下半年週年慶檔期拉抬全年營業額預期目標。
中友百貨店長許振立表示，13日先開放預購，20日正式開打，除了滿千送百，消費者期待的來店禮，與時尚品牌聯名推出旅行袋、收納箱、時尚傘、收納籃、腳踏墊等5波共5萬5000份，都是消費者喜愛的實用物品，總計促銷預算新台幣1.8億元，回饋率達20.38%。
廣三百貨總經理孫士春說，13日先展開化妝品及全館VIP預購會，除投入上億元行銷預算，這個檔期更攜手大小朋友喜愛的芬蘭國民精靈嚕嚕咪，推出限量來店禮吸客，預估整個檔期業績可較去年同期成長2%到3%。
台中大遠百也表示，這次以網紅帶路為主題，結合專櫃商品做直播介紹、趨勢講堂、試妝體驗等，更因應年底跑趴潮流，舉辦秋冬玩色變裝派對、動漫音樂節、百萬櫃姐誓師會等活動。
由於餐飲營業額佔百貨總營業額比率日增，各家業者都積極引進主題餐廳，以中友百貨為例，樓層改裝已經完成，本週就有石壁家、海底撈火鍋等餐廳進駐，預估到年底餐飲營業額可達全館總營業額30%，超越化妝品的比重。"
"台灣青年打工度假國 新增盧森堡","/news/story/7266/3359821","外交部今天表示，8月21日與盧森堡大公國簽署「青年度假打工計畫協議」，盧森堡成為歐洲第11個及全球第16個與台灣簽署該項協議（備忘錄、共同聲明）的國家。
外交部晚間發布新聞稿表示，盧森堡是繼德國、英國、愛爾蘭、比利時、匈牙利、斯洛伐克、波蘭、奧地利、捷克及法國後，與台灣簽署該項計畫協議的歐洲國家。
外交部表示，根據該計畫，台灣與盧森堡每年將互給予對方18至30歲間的青年40個名額，赴對方國家進行為期1年的度假打工計畫。兩國青年未來可透過觀光旅遊、短期打工或自費短期遊學等方式，前往對方國家學習語言，深入體驗當地文化與生活。本計畫正式實施日期及相關申請辦法將於年底前擇期另行公告。
外交部指出，盧森堡大公國為位於西歐的內陸國家，與比利時、法國及德國接壤，使用法語、德語及盧森堡語，地處歐洲文化的交會口，除深富文化底蘊及藝術氣息外，同時為歐洲重要的金融中心，歐盟許多機構也設址於盧國首都盧森堡市。"
"長庚女醫師熱血推動 為受虐兒催生「兒保中心」","/news/story/7266/3359835","站在加護病房第一線，高雄長庚兒童神經內科主治醫師徐美欣接觸到不少令人髮指的兒童施虐案，卻因為司法、社政、醫療三方未完整磨合，以致讓施虐者有脫身機會。徐美欣基於悲憫，10多年持續奮戰，終於催生出「兒童保護中心」，盼為受虐兒爭取更適度的處遇。 
徐美欣10多年前在林口長受訓時就接觸到院內「兒保」團隊，看見醫護前輩為保護受虐童所付出的努力。婚後轉調高雄長庚，發現有些孩子被打到昏迷瀕死，全身傷又腦出血，但當時社政單位或許因為缺乏醫療背景，無法及時判定；又可能因為採信家屬證言，希望給涉案家庭再一次機會，常無法及時做出完善處遇，讓一些重傷孩子回歸原生家庭後又二度就醫，或者死亡。
受虐童身體的傷，觸動她的悲憫心，10多年來一直努催生醫院「兒保中心」，希與司法、社政等單位直接對口，共同防制兒虐事件，今年初在副院長龔嘉德支持下，爭取到長庚醫療體系董事會認可，將由長庚公益基金挹注經費，於年底成立兒保中心並開設聯合門診。
徐美欣表示，未來長庚兒保中心將協助驗傷及後續門診追蹤，也會主動到關懷兒虐問題的中途之家提供醫療服務，讓保母不必為了送受虐童就醫而舟車勞頓。
「處理虐童問題，重要的是做對處遇決定」徐美欣說，歷經這幾年的努力，終於可以讓司法及社政單位可以與醫護人員一起坐下來統整共識，做出對孩子最好的處遇，「很多虐童案因耗費時間在等待判定，結果錯失第一線的證據」。
她表示，屏東曾有名2個月大受虐性腦傷嬰兒，所幸相關單位介入早，多年前孩子被安置到寄養家庭，獲得良好的追蹤照顧，儘管腦部影像仍殘留陳舊傷疤，不過無損智能，已有外國人士願意收養。高雄長庚兒童醫院神經內科主治醫師徐美欣，站在接觸受虐童的第一線，10多年來她努奮戰，在醫院催生「兒童保護中心」，希望及早制止虐童事件繼續發生。記者王昭月／攝影分享  facebook   高雄長庚醫院去年一年收治400多例的疑似虐童個案。圖／徐美欣醫師提供分享  facebook   高雄長庚醫院發展兒保中心，不只收治受虐童，也將主動到縣市受虐童中途之家關懷。圖／徐美欣醫師提供分享  facebook   "
"雙贏彩第107121期開獎","/news/story/7266/3359973","雙贏彩第107121期今晚開獎，中獎號碼為23、08、18、22、10、06、15、02、03、07、01、14。
實際中獎獎號以台彩公布為準。"
"Taiwan Plus前進東京 用音樂環島台灣","/news/story/7266/3359671","文化總會22日、23日將在東京舉辦Taiwan Plus 2018文化台灣，藉由音樂、設計、市集等台灣文化，在東京打造以「台灣環島」為主題的音樂舞台與日本對話、交流。
台灣與日本因為歷史與地緣關係，有著深厚的情感，著眼2020東京奧運的到來，文總從2018年起結合台灣民間與政府部門力量，預計以3年的時間，透過各種文化活動，深耕世界各地對台灣文化新能量的理解與認識，擦亮台灣品牌。
文總22日、23日將在東京上野公園舉辦TaiwanPlus 2018文化台灣，今天在華山舉辦行前記者會，文總副會長江春男表示，去年文總在馬來西亞檳城舉辦「藝術卡車秀台灣」，獲得不少迴響，也讓他感受到「台灣文化一定要走出去，才有新的面貌」。
文總副秘書長張鐵志表示，籌備Taiwan Plus過程不容易，「文總希望把台灣文化帶出去，尤其台灣國際處境不容易，更希望用文化擦亮台灣的名字」。
張鐵志表示，Taiwan Plus將持續舉辦3年，第一年以熱鬧的節慶活動形式，在日本打出品牌，第二年再擴大交流層面，放眼第三年2020年東京奧運的到來。
張鐵志指出，先前到日本宣傳接受當地媒體採訪，發現日本對台灣有多族群的文化發展不太了解，這次也藉由台灣歌手的演出，讓日本人知道豐富複雜的台灣。
Taiwan Plus兩天的活動，以市集、音樂兩大區塊為主，由角頭音樂邀請桑布伊、阿爆、陳建年、黃連煜、謝銘祐、女孩與機器人共6組歌手接力演出，以不同的語言和風格，在東京打造以「台灣環島」為主題的音樂舞台。
市集則由「富錦樹」集結台灣北到南最具代表性的50組品牌，並加入展現台灣風土的特別企劃展「晒日子」，加深活動的文化厚度。
張鐵志表示，每一個攤商都代表一個台灣年輕人奮鬥的故事，尤其這幾年日本掀起一股「哈台風」，藉由這些台灣品牌以及Taiwan Plus日文網站，訴說台灣的故事。
Taiwan Plus主視覺邀請設計師方序中操刀，他將台灣居住環境、知名景點層層堆疊，從海報就能看見台灣的生活狀態，尤其活動字體使用小寫的t，象徵Taiwan也代表加減乘除的+，意味著台灣有無限可能。"
"海生館收容海龜 糞便中發現人造垃圾","/news/story/7470/3359631","位於屏東車城鄉的國立海洋生物博物館今天表示，今年收容的20多隻海龜，糞便裡都發現有橡皮筋、塑膠片、塑膠袋等人造垃圾，呼籲民眾響應減塑，以保護海洋生態。
海生館8日與海巡署共同在車城鄉野放照護近半年的4隻青少年海龜，這4隻海龜都是誤闖漁網，被撈起後送海生館。獸醫李宗賢表示，在收容照護的過程中發現，4隻海龜的糞便中都有發現人造物，包含水果網袋、塑膠袋、糖果包裝紙、橡皮筋、塑膠片等。
除了這4隻日前野放的海龜外，海生館今年收容的20多隻海龜，幾乎都有在糞便中發現類似的人造垃圾。李宗賢說，這些無法消化的人造物會讓海龜腸道阻塞和消化不良而虛弱，造成牠們更容易被網具纏繞無法掙脫而受傷，或者是因漂浮而無法潛水攝食導致死亡。
海生館表示，隨著海龜救傷通報系統的建置與對海巡人員的努力宣導下，接到的海龜通報數逐年上升，從民國104年126起、105年193起到106年的210起，107年截至9月已有120起，顯示民眾對於海洋保育意識的提升以及關注。
李宗賢說，今年接獲的120起通報，有一半已死亡，有些當場野放，有20多隻送到海生館照護後野放，在不少的死亡海龜中，他們發現沒有明顯的外傷，除了可能在被網撈後掙扎死亡，也很有可能吃到許多人造垃圾導致消化系統障礙死亡。
海生館呼籲社會大眾，確實進行垃圾分類及資源回收，以「自備、重複、少用」為原則減少使用一次性的塑膠製品，如自備環保袋、環保餐具等等，配合政府「限塑、減塑、無塑」的環保政策以保護海洋生態及環境。"
"馬友友6度訪台 攜手絲路合奏團邁入20年","/news/story/7266/3359844","大提琴家馬友友與已成立20年的絲路合奏團10月21日將在台北市的國家音樂廳演出，第6度訪台的馬友友將演奏陪伴他近60年音樂生涯的巴赫大提琴前奏曲、薩拉邦德舞曲與吉格舞曲。
西元1998年馬友友發起「絲路計劃」，集結全球優秀音樂家，到世界各地創作、演出，創造全球性的文化交流，共譜跨越國界樂音感動。
絲路合奏團成立至今走過全球各大城市，「大家長」馬友友2017年10月宣布，將藝術總監一職交棒給資深絲路合奏團音樂家低音大提琴家傑佛瑞．比契爾（Jeffrey Beecher）、小提琴家尼可拉斯．寇德斯（Nicholas Cords）及擊樂手夏恩．夏納翰（ShaneShanahan）共同擔任藝術總監，領軍絲路合奏團繼續實踐絲路計劃精神。
馬友友攜手絲路合奏團來自歐、美、亞各地頂尖音樂家訪台，將以巴赫無伴奏組曲拉開序幕。馬友友說，「我想分享巴赫無伴奏大提琴組曲，它們跟我一起開創了生命歷程。」
對馬友友來說，巴赫無伴奏大提琴組曲跨越時空疆界，300年來影響力不輟，並將持續陪伴人類發展進程，也是全球絲路新開端。"
"陽光學堂「不是醫院不用吃藥」 失智者團體療癒練肌力","/news/story/7266/3359994","
新北市今年7月底65歲以上老年人口破52萬人，根據推估，認知障礙（俗稱失智症）人口可能近4萬人，新北市聯合醫院板橋院區專為認知障礙患者及家屬設立「陽光學堂」今揭牌。台灣長照專業協會常務理事、新北聯醫副院長王祖琪說，這不是醫院，也不是吃藥的地方。
80坪的陽光學堂，有遊戲空間、卡拉OK、適合團體課的圍圈長桌，還引進銀髮族氣動運動器材等。王祖琪表示，陽光學堂讓認知障礙者參與團體，學新事物刺激大腦，也會開各別運動菜單，訓練肌力與平衡。
學堂由專業人員包括社工師、營養師、職能治療師及臨床心理師等帶團體活動，如懷舊治療、藝術治療及園藝治療等，看似簡單的烘焙DIY，都包含手部運動專業在內，讓長輩學新的東西；為患者開出的各別運動菜單，使用銀髮族專業器材，訓練肌力及平衡。
王祖琪說，學堂也鼓勵患者訂定自我目標，例如每天多出門運動30分鐘，從自我實踐中找到快樂；也針對家屬開相關照顧課程，例如正確使用輔具，家屬陪同患者來參加團體，也拓展交友圈，舒緩自己照顧的重擔。
一名陪老伴來學堂的孫阿嬤說，結婚51年了，最近老伴的身體變差，由精神科醫生轉介來學堂，「他來學堂的情緒比較好」，否則都在家睡覺。老伴最喜歡來這邊唱卡拉ok，他們倆都不會唱歌，但可以來這裡學，他們現在一周來一天，覺得不夠，希望有一樣狀況的家屬也能帶患者過來。新北市今年7月底65歲以上老年人口破52萬人，根據推估，認知障礙（俗稱失智症）人口可能近4萬人，新北市聯合醫院板橋院區專為認知障礙患者及家屬設立「陽光學堂」今揭牌。記者魏翊庭／攝影分享  facebook   陽光學堂讓認知障礙者參與團體，學新事物刺激大腦，也會開各別運動菜單，訓練肌力與平衡。記者魏翊庭／攝影分享  facebook   陽光學堂讓認知障礙者參與團體，學新事物刺激大腦，看似簡單的烘焙DIY，都包含手部運動專業在內。也會開各別運動菜單，訓練肌力與平衡。記者魏翊庭／攝影分享  facebook   "
"威力彩第107073期頭獎摃龜","/news/story/7266/3360099","威力彩第107073期今晚開獎，第一區中獎號碼為33、24、36、10、22、31，第二區中獎號碼為05號。派彩結果，頭獎、貳獎都摃龜。
派彩結果及中獎獎號以台彩公布為準。"
"今彩539第107217期 頭獎摃龜","/news/story/7266/3360101","今彩539第107217期開獎，中獎號碼02、21、25、37、24。派彩結果，頭獎摃龜。
貳獎150注中獎，每注可得2萬元。
3星彩中獎號碼081，正彩24注中獎，每注可得1萬2500元。
4星彩中獎號碼8665，正彩1注中獎，每注可得12萬5000元。
實際中獎獎號及派彩內容，以台彩公司公布為準。"
"雙贏彩第107121期頭獎摃龜","/news/story/7266/3360100","雙贏彩第107121期今晚開獎，中獎號碼為23、08、18、22、10、06、15、02、03、07、01、14。派彩結果，頭獎摃龜。
貳獎有16注中獎，各得獎金新台幣10萬元。
派彩結果及中獎獎號以台彩公布為準。"
"Gogoro值得買嗎？網列六大缺點勸「三思」","/news/story/7270/3359677","window.location.href=""https://oops.udn.com/oops/story/6699/3352498?utm_source=udnnews&utm_medium=daily"";

分享  facebook   "
"麥當勞菜單小到像視力測驗？鄉民：聞到陰謀的味道","/news/story/7266/3359722","window.location.href=""https://oops.udn.com/oops/story/6703/3359537?utm_source=udnnews&utm_medium=daily"";

分享  facebook   "
"香港影后鮑起靜攜新手主演國片《生生》","/news/story/7272/3358907","window.location.href=""https://opinion.udn.com/opinion/story/10012/3358786"";
安邦把這對忘年之交的關係寫得極好，他們之間並非表面刻板的類祖孫情感，反倒展現出平等的友情關係。 圖／華映娛樂提供分享  facebook   
"
